product_id,category,price,margin_percentage,popularity_score
PROD00001,Fashion,377.67,38.28,73.2
PROD00002,Electronics,600.67,10.46,15.6
PROD00003,Beauty,62.79,35.32,60.11
PROD00004,Sports,709.53,5.72,96.99
PROD00005,Sports,833.28,12.43,18.18
PROD00006,Home & Kitchen,187.49,15.65,52.48
PROD00007,Fashion,434.79,15.19,61.19
PROD00008,Fashion,143.8,15.23,36.64
PROD00009,Books,458.79,32.48,19.97
PROD00010,Electronics,516.66,25.73,4.65
PROD00011,Electronics,609.51,10.97,6.51
PROD00012,Fashion,949.14,38.8,80.84
PROD00013,Sports,308.09,8.42,68.42
PROD00014,Sports,442.95,9.27,49.52
PROD00015,Electronics,39.22,36.83,25.88
PROD00016,Sports,664.21,15.91,52.01
PROD00017,Books,548.98,11.47,96.96
PROD00018,Sports,776.26,37.88,89.48
PROD00019,Automotive,599.91,37.27,8.85
PROD00020,Beauty,200.0,6.58,32.53
PROD00021,Electronics,391.73,14.5,82.87
PROD00022,Home & Kitchen,359.97,14.83,54.27
PROD00023,Books,145.22,33.08,7.46
PROD00024,Toys,986.95,32.03,19.87
PROD00025,Beauty,10.49,33.54,70.69
PROD00026,Home & Kitchen,730.36,31.99,7.4
PROD00027,Sports,361.67,9.06,86.31
PROD00028,Toys,625.18,16.58,6.36
PROD00029,Fashion,314.43,16.38,72.96
PROD00030,Fashion,639.37,36.05,47.22
PROD00031,Books,124.0,29.96,76.08
PROD00032,Fashion,563.47,31.98,49.38
PROD00033,Toys,525.12,19.96,2.54
PROD00034,Toys,112.35,6.1,63.64
PROD00035,Beauty,317.78,22.8,90.76
PROD00036,Electronics,253.05,19.36,75.56
PROD00037,Automotive,232.65,7.69,28.98
PROD00038,Fashion,165.42,37.54,80.81
PROD00039,Books,635.24,35.5,80.37
PROD00040,Fashion,190.64,36.24,53.93
PROD00041,Beauty,808.4,36.36,31.8
PROD00042,Toys,114.5,12.98,42.71
PROD00043,Sports,818.92,35.13,0.7
PROD00044,Fashion,513.19,19.61,22.21
PROD00045,Electronics,124.27,16.82,94.29
PROD00046,Sports,326.59,23.16,70.3
PROD00047,Beauty,366.81,39.01,96.24
PROD00048,Fashion,255.52,22.4,30.09
PROD00049,Sports,288.42,6.29,60.96
PROD00050,Fashion,505.17,6.8,27.86
PROD00051,Books,908.72,13.38,14.49
PROD00052,Beauty,492.01,39.5,24.21
PROD00053,Automotive,673.77,31.66,23.76
PROD00054,Toys,729.58,17.87,63.23
PROD00055,Home & Kitchen,635.36,23.75,9.03
PROD00056,Toys,836.13,16.23,18.65
PROD00057,Toys,45.57,25.68,67.76
PROD00058,Sports,21.5,22.92,22.65
PROD00059,Beauty,646.95,11.1,69.09
PROD00060,Fashion,389.8,37.79,13.75
PROD00061,Home & Kitchen,344.36,8.97,92.47
PROD00062,Sports,877.95,14.03,66.0
PROD00063,Home & Kitchen,818.14,24.43,52.97
PROD00064,Automotive,245.64,8.26,89.72
PROD00065,Books,900.92,27.16,33.9
PROD00066,Beauty,352.46,30.41,89.71
PROD00067,Sports,887.65,32.3,64.2
PROD00068,Toys,88.72,10.66,89.86
PROD00069,Electronics,608.4,5.32,10.15
PROD00070,Sports,665.18,5.18,16.08
PROD00071,Electronics,550.99,29.22,65.2
PROD00072,Toys,228.15,29.93,23.72
PROD00073,Books,328.77,31.13,64.96
PROD00074,Beauty,849.98,28.02,56.83
PROD00075,Fashion,98.21,17.87,26.52
PROD00076,Sports,247.77,39.06,39.31
PROD00077,Toys,892.59,27.09,79.48
PROD00078,Sports,505.12,25.19,49.25
PROD00079,Automotive,199.27,30.29,28.08
PROD00080,Books,29.19,27.59,17.71
PROD00081,Automotive,940.76,38.39,91.49
PROD00082,Home & Kitchen,373.31,5.54,92.83
PROD00083,Beauty,431.04,38.83,96.36
PROD00084,Home & Kitchen,853.74,15.31,38.51
PROD00085,Sports,851.88,16.09,16.95
PROD00086,Beauty,559.02,37.77,69.6
PROD00087,Books,572.21,8.4,61.5
PROD00088,Books,990.1,9.9,51.83
PROD00089,Toys,877.99,30.93,69.7
PROD00090,Sports,703.97,17.58,29.36
PROD00091,Home & Kitchen,810.31,33.35,86.71
PROD00092,Automotive,913.67,22.9,50.15
PROD00093,Fashion,799.3,27.75,70.2
PROD00094,Electronics,796.81,36.15,33.8
PROD00095,Fashion,378.71,8.29,57.83
PROD00096,Home & Kitchen,40.76,21.3,54.26
PROD00097,Home & Kitchen,290.11,25.68,3.05
PROD00098,Books,42.16,33.79,36.02
PROD00099,Fashion,131.43,23.28,77.0
PROD00100,Books,219.74,26.8,8.53
PROD00101,Books,56.42,23.6,54.06
PROD00102,Automotive,639.24,30.41,97.59
PROD00103,Beauty,518.72,16.3,79.52
PROD00104,Electronics,274.48,20.36,7.85
PROD00105,Fashion,30.22,38.69,83.6
PROD00106,Beauty,697.49,19.31,17.33
PROD00107,Toys,160.65,13.76,54.92
PROD00108,Fashion,716.02,28.11,27.99
PROD00109,Beauty,955.09,30.83,55.44
PROD00110,Books,613.66,19.69,24.77
PROD00111,Home & Kitchen,359.19,31.52,1.44
PROD00112,Automotive,120.49,6.61,4.07
PROD00113,Electronics,856.18,29.63,47.42
PROD00114,Beauty,102.34,22.21,47.35
PROD00115,Home & Kitchen,177.34,20.18,39.85
PROD00116,Fashion,617.77,27.23,4.53
PROD00117,Beauty,377.74,26.91,50.31
PROD00118,Sports,857.21,28.05,16.29
PROD00119,Home & Kitchen,75.22,27.48,2.65
PROD00120,Toys,587.85,37.91,57.55
PROD00121,Home & Kitchen,391.23,27.52,45.83
PROD00122,Electronics,547.89,37.95,38.61
PROD00123,Toys,961.38,36.69,19.58
PROD00124,Automotive,74.01,8.53,1.82
PROD00125,Electronics,98.97,28.91,7.12
PROD00126,Fashion,322.38,34.57,2.33
PROD00127,Toys,815.4,14.86,11.82
PROD00128,Beauty,698.25,27.01,87.75
PROD00129,Sports,736.4,33.12,28.2
PROD00130,Electronics,181.55,31.27,80.68
PROD00131,Sports,990.55,19.44,37.2
PROD00132,Fashion,777.53,16.93,93.08
PROD00133,Fashion,859.12,20.01,75.09
PROD00134,Automotive,755.77,8.61,90.26
PROD00135,Fashion,507.73,33.93,32.0
PROD00136,Home & Kitchen,896.05,18.62,1.08
PROD00137,Home & Kitchen,905.86,8.2,31.93
PROD00138,Automotive,950.31,38.27,57.34
PROD00139,Home & Kitchen,633.68,20.7,29.32
PROD00140,Beauty,332.02,28.54,75.24
PROD00141,Books,792.62,32.64,9.12
PROD00142,Sports,496.95,7.01,54.95
PROD00143,Sports,444.32,36.07,35.09
PROD00144,Beauty,121.48,10.0,76.15
PROD00145,Books,620.13,8.54,8.41
PROD00146,Toys,702.46,7.55,82.19
PROD00147,Automotive,707.71,7.85,8.48
PROD00148,Automotive,986.71,18.1,37.06
PROD00149,Fashion,813.74,38.15,98.6
PROD00150,Sports,754.61,18.17,8.35
PROD00151,Sports,778.26,24.54,42.42
PROD00152,Fashion,906.82,8.89,49.26
PROD00153,Toys,16.3,21.4,5.63
PROD00154,Electronics,123.22,9.11,64.92
PROD00155,Sports,747.31,25.42,96.22
PROD00156,Sports,378.0,15.0,86.86
PROD00157,Electronics,227.48,38.71,1.22
PROD00158,Fashion,970.03,6.51,89.11
PROD00159,Electronics,530.06,39.75,7.38
PROD00160,Sports,556.09,38.93,52.31
PROD00161,Fashion,631.25,29.35,45.45
PROD00162,Electronics,629.42,25.45,90.12
PROD00163,Toys,50.22,14.83,95.04
PROD00164,Fashion,890.81,20.95,62.01
PROD00165,Sports,280.99,11.58,46.37
PROD00166,Beauty,356.59,25.43,7.77
PROD00167,Automotive,974.52,39.52,69.82
PROD00168,Sports,538.42,15.83,81.38
PROD00169,Home & Kitchen,686.31,10.69,91.09
PROD00170,Automotive,823.42,38.24,72.57
PROD00171,Sports,615.35,19.64,93.27
PROD00172,Automotive,866.73,6.58,2.64
PROD00173,Books,379.58,33.37,98.73
PROD00174,Sports,154.66,25.79,38.09
PROD00175,Fashion,970.06,34.47,83.83
PROD00176,Fashion,471.35,19.52,27.34
PROD00177,Books,61.09,35.27,81.29
PROD00178,Toys,999.72,39.88,55.54
PROD00179,Books,770.14,38.07,84.96
PROD00180,Books,251.11,20.77,12.92
PROD00181,Automotive,954.28,26.22,22.86
PROD00182,Electronics,673.34,26.63,35.82
PROD00183,Fashion,117.99,28.51,52.03
PROD00184,Electronics,773.46,23.21,85.22
PROD00185,Books,554.15,24.63,87.67
PROD00186,Toys,406.47,9.69,2.88
PROD00187,Fashion,756.36,26.71,70.41
PROD00188,Sports,216.9,9.77,1.45
PROD00189,Sports,353.83,25.65,39.22
PROD00190,Sports,440.29,36.65,34.83
PROD00191,Automotive,516.42,32.43,39.65
PROD00192,Home & Kitchen,623.98,35.18,94.95
PROD00193,Books,151.34,37.43,49.21
PROD00194,Home & Kitchen,261.95,21.07,98.0
PROD00195,Beauty,495.16,16.51,63.34
PROD00196,Automotive,243.94,7.66,12.89
PROD00197,Sports,132.41,10.32,13.88
PROD00198,Fashion,642.67,11.37,34.57
PROD00199,Automotive,897.3,21.59,66.76
PROD00200,Fashion,176.46,11.73,4.09
PROD00201,Electronics,173.09,14.75,17.7
PROD00202,Electronics,93.26,9.22,46.08
PROD00203,Fashion,210.3,17.75,50.34
PROD00204,Sports,691.94,6.38,79.94
PROD00205,Home & Kitchen,629.76,7.86,87.36
PROD00206,Books,921.27,7.14,27.69
PROD00207,Automotive,807.17,31.19,18.45
PROD00208,Automotive,213.3,17.97,48.45
PROD00209,Sports,620.16,17.91,46.25
PROD00210,Books,748.73,6.28,25.24
PROD00211,Electronics,714.78,36.33,51.17
PROD00212,Home & Kitchen,534.45,8.75,44.74
PROD00213,Books,534.95,13.49,26.92
PROD00214,Electronics,380.4,5.7,32.21
PROD00215,Books,215.39,16.46,11.98
PROD00216,Beauty,891.07,25.78,67.91
PROD00217,Automotive,790.23,22.45,8.69
PROD00218,Beauty,539.42,25.54,74.54
PROD00219,Books,434.5,9.47,28.38
PROD00220,Automotive,366.27,27.61,57.08
PROD00221,Home & Kitchen,359.32,39.53,60.58
PROD00222,Sports,241.04,8.56,15.29
PROD00223,Beauty,249.73,10.62,18.66
PROD00224,Sports,288.67,11.07,89.68
PROD00225,Electronics,84.83,23.36,41.04
PROD00226,Electronics,982.47,8.92,39.79
PROD00227,Toys,969.62,35.29,81.71
PROD00228,Electronics,261.61,10.98,66.86
PROD00229,Electronics,929.73,24.49,57.16
PROD00230,Automotive,283.58,31.93,18.7
PROD00231,Home & Kitchen,327.06,19.89,50.76
PROD00232,Electronics,246.2,9.02,61.06
PROD00233,Fashion,292.19,25.34,15.44
PROD00234,Home & Kitchen,483.73,23.64,5.18
PROD00235,Fashion,339.92,9.7,6.34
PROD00236,Fashion,990.01,16.28,80.99
PROD00237,Sports,258.37,28.85,76.02
PROD00238,Books,597.66,21.51,41.18
PROD00239,Fashion,352.12,37.53,83.06
PROD00240,Sports,965.2,9.35,73.09
PROD00241,Electronics,938.65,11.34,6.65
PROD00242,Fashion,742.42,25.11,84.18
PROD00243,Books,144.07,32.83,20.16
PROD00244,Toys,167.84,10.75,81.46
PROD00245,Beauty,666.87,23.31,35.88
PROD00246,Sports,877.81,18.74,81.66
PROD00247,Toys,441.94,18.19,46.27
PROD00248,Sports,304.87,31.17,50.27
PROD00249,Beauty,236.05,36.49,38.39
PROD00250,Books,545.84,36.73,62.42
PROD00251,Home & Kitchen,121.31,37.89,62.77
PROD00252,Beauty,338.23,9.87,79.4
PROD00253,Automotive,621.97,23.67,89.39
PROD00254,Toys,789.65,10.31,31.17
PROD00255,Fashion,252.25,31.04,3.35
PROD00256,Electronics,572.04,31.69,87.68
PROD00257,Automotive,345.37,33.74,11.06
PROD00258,Fashion,847.22,9.46,39.73
PROD00259,Fashion,798.31,10.25,22.93
PROD00260,Sports,723.64,30.2,64.11
PROD00261,Beauty,695.48,24.0,25.18
PROD00262,Home & Kitchen,348.97,11.36,90.85
PROD00263,Toys,585.47,19.03,46.2
PROD00264,Fashion,947.55,10.37,58.62
PROD00265,Sports,508.36,26.4,1.81
PROD00266,Toys,872.76,37.62,56.51
PROD00267,Beauty,698.17,37.29,70.72
PROD00268,Home & Kitchen,156.78,25.17,60.67
PROD00269,Automotive,427.01,30.78,93.44
PROD00270,Beauty,925.94,20.78,11.32
PROD00271,Electronics,984.92,34.36,12.47
PROD00272,Beauty,921.24,35.45,51.88
PROD00273,Fashion,593.32,18.97,5.48
PROD00274,Home & Kitchen,338.52,33.1,0.46
PROD00275,Beauty,336.83,18.94,53.74
PROD00276,Fashion,920.26,17.12,34.7
PROD00277,Fashion,738.81,20.83,22.46
PROD00278,Home & Kitchen,455.18,9.93,17.64
PROD00279,Beauty,500.88,19.66,91.48
PROD00280,Beauty,365.58,25.32,63.23
PROD00281,Sports,18.03,28.22,17.8
PROD00282,Toys,961.26,10.2,41.46
PROD00283,Sports,89.92,39.89,50.22
PROD00284,Beauty,597.41,7.35,75.0
PROD00285,Automotive,213.86,36.43,20.51
PROD00286,Beauty,194.73,6.28,47.21
PROD00287,Electronics,567.02,7.3,77.55
PROD00288,Fashion,456.02,23.35,44.08
PROD00289,Books,403.76,24.59,15.52
PROD00290,Beauty,186.02,35.16,94.61
PROD00291,Electronics,376.44,14.48,64.4
PROD00292,Electronics,411.69,5.89,15.62
PROD00293,Toys,717.39,28.06,2.71
PROD00294,Home & Kitchen,225.86,13.09,67.19
PROD00295,Beauty,24.61,8.64,79.99
PROD00296,Home & Kitchen,182.65,27.85,23.82
PROD00297,Automotive,103.94,13.51,72.23
PROD00298,Books,856.42,34.06,39.72
PROD00299,Electronics,669.74,12.17,29.31
PROD00300,Fashion,896.85,5.46,8.55
PROD00301,Fashion,211.85,5.93,18.14
PROD00302,Home & Kitchen,585.13,19.75,89.27
PROD00303,Electronics,818.36,16.96,25.94
PROD00304,Toys,382.79,25.66,26.81
PROD00305,Home & Kitchen,626.03,19.33,55.2
PROD00306,Books,438.95,15.31,94.85
PROD00307,Home & Kitchen,764.79,9.9,86.85
PROD00308,Electronics,489.99,36.31,79.99
PROD00309,Beauty,428.09,5.79,26.87
PROD00310,Toys,543.93,27.17,25.79
PROD00311,Electronics,143.66,34.22,98.44
PROD00312,Toys,528.06,11.01,27.23
PROD00313,Sports,23.3,37.0,11.78
PROD00314,Sports,578.63,14.59,55.42
PROD00315,Fashion,653.16,34.04,20.64
PROD00316,Toys,15.94,9.79,90.0
PROD00317,Books,874.52,25.91,60.05
PROD00318,Home & Kitchen,666.71,11.14,91.44
PROD00319,Sports,421.68,18.41,51.89
PROD00320,Home & Kitchen,51.73,10.82,73.8
PROD00321,Home & Kitchen,87.38,26.11,24.53
PROD00322,Books,392.35,15.1,35.57
PROD00323,Electronics,720.45,15.4,56.64
PROD00324,Home & Kitchen,478.67,28.23,93.68
PROD00325,Toys,733.91,12.52,3.12
PROD00326,Books,265.95,25.83,5.14
PROD00327,Sports,498.88,25.89,33.42
PROD00328,Beauty,772.06,8.73,7.51
PROD00329,Home & Kitchen,729.55,22.34,68.84
PROD00330,Fashion,437.65,13.62,81.91
PROD00331,Books,800.42,29.31,27.21
PROD00332,Electronics,592.28,17.63,9.16
PROD00333,Automotive,917.73,9.79,95.02
PROD00334,Sports,448.78,11.48,54.19
PROD00335,Sports,873.58,30.63,80.66
PROD00336,Automotive,660.49,29.23,84.92
PROD00337,Toys,253.42,22.13,22.12
PROD00338,Beauty,987.73,38.04,3.94
PROD00339,Sports,707.05,37.38,18.06
PROD00340,Sports,570.11,37.04,3.39
PROD00341,Electronics,698.93,15.41,92.44
PROD00342,Sports,971.2,38.05,47.42
PROD00343,Books,862.73,34.56,31.91
PROD00344,Toys,829.77,6.3,59.63
PROD00345,Beauty,233.86,9.22,7.7
PROD00346,Fashion,697.81,16.9,72.48
PROD00347,Beauty,70.03,16.04,53.95
PROD00348,Toys,791.77,16.16,62.59
PROD00349,Books,886.55,26.56,23.3
PROD00350,Toys,29.28,35.45,2.13
PROD00351,Electronics,875.33,23.51,93.91
PROD00352,Fashion,799.79,39.93,35.07
PROD00353,Beauty,768.35,19.07,47.99
PROD00354,Home & Kitchen,629.37,35.58,98.41
PROD00355,Beauty,769.43,19.62,42.14
PROD00356,Electronics,738.89,13.36,11.05
PROD00357,Fashion,357.85,15.05,29.63
PROD00358,Books,237.44,6.47,1.79
PROD00359,Toys,987.78,19.97,38.43
PROD00360,Toys,681.25,12.64,95.0
PROD00361,Books,787.41,8.13,41.76
PROD00362,Fashion,879.72,38.07,46.74
PROD00363,Books,615.34,10.85,99.12
PROD00364,Sports,235.51,38.0,64.96
PROD00365,Beauty,609.7,22.94,23.07
PROD00366,Electronics,180.65,12.72,18.64
PROD00367,Books,780.69,17.25,5.78
PROD00368,Electronics,969.26,35.93,92.78
PROD00369,Sports,994.93,11.09,39.62
PROD00370,Toys,759.45,29.36,15.39
PROD00371,Books,816.75,12.86,22.38
PROD00372,Fashion,539.29,25.75,58.01
PROD00373,Toys,96.03,35.71,26.56
PROD00374,Toys,133.87,36.11,95.57
PROD00375,Fashion,862.82,33.33,65.52
PROD00376,Beauty,553.1,8.04,40.85
PROD00377,Beauty,375.83,14.09,72.34
PROD00378,Books,498.4,7.84,22.02
PROD00379,Toys,684.84,7.66,85.12
PROD00380,Books,497.67,21.82,59.24
PROD00381,Beauty,825.56,17.17,67.8
PROD00382,Home & Kitchen,567.9,14.35,87.86
PROD00383,Sports,798.44,28.05,85.06
PROD00384,Books,867.96,29.79,83.7
PROD00385,Books,698.98,28.8,61.86
PROD00386,Home & Kitchen,753.95,10.55,88.09
PROD00387,Beauty,872.48,6.02,82.58
PROD00388,Books,133.23,16.73,74.35
PROD00389,Electronics,164.96,33.63,83.21
PROD00390,Beauty,509.93,5.22,28.7
PROD00391,Beauty,618.84,39.34,63.18
PROD00392,Sports,263.5,27.19,54.0
PROD00393,Books,780.95,8.74,76.1
PROD00394,Toys,543.56,38.7,34.19
PROD00395,Automotive,634.46,37.62,10.25
PROD00396,Automotive,937.54,29.08,6.78
PROD00397,Automotive,304.46,29.79,6.74
PROD00398,Sports,584.26,17.11,62.09
PROD00399,Automotive,50.51,35.5,97.35
PROD00400,Home & Kitchen,969.03,31.24,13.01
PROD00401,Fashion,759.47,5.86,2.21
PROD00402,Beauty,326.99,22.1,77.04
PROD00403,Toys,684.88,20.61,27.36
PROD00404,Fashion,997.14,19.92,45.14
PROD00405,Sports,167.81,32.82,69.37
PROD00406,Beauty,224.67,7.88,68.05
PROD00407,Sports,656.24,14.56,95.09
PROD00408,Sports,155.3,20.13,94.36
PROD00409,Home & Kitchen,422.63,27.35,39.76
PROD00410,Electronics,277.84,39.44,40.93
PROD00411,Electronics,894.63,13.05,21.31
PROD00412,Sports,35.98,27.81,36.85
PROD00413,Automotive,865.04,21.56,96.82
PROD00414,Fashion,189.6,35.4,77.66
PROD00415,Automotive,772.07,34.57,76.1
PROD00416,Books,628.09,9.59,3.25
PROD00417,Sports,921.24,26.58,79.65
PROD00418,Books,484.11,9.11,12.52
PROD00419,Automotive,687.14,20.06,20.05
PROD00420,Books,494.14,7.25,58.2
PROD00421,Sports,272.65,32.91,31.04
PROD00422,Home & Kitchen,457.94,5.41,7.24
PROD00423,Electronics,395.53,21.8,60.0
PROD00424,Fashion,295.2,29.32,86.01
PROD00425,Books,780.95,6.39,48.05
PROD00426,Sports,109.41,13.47,98.67
PROD00427,Home & Kitchen,146.78,22.46,61.82
PROD00428,Automotive,703.95,24.59,0.98
PROD00429,Electronics,329.83,23.12,8.79
PROD00430,Sports,353.87,6.16,7.86
PROD00431,Fashion,399.94,9.65,56.75
PROD00432,Automotive,691.02,33.02,20.02
PROD00433,Home & Kitchen,171.65,8.66,63.64
PROD00434,Automotive,707.94,6.11,93.62
PROD00435,Toys,56.71,23.95,70.91
PROD00436,Automotive,871.61,29.99,80.17
PROD00437,Books,342.75,33.52,8.01
PROD00438,Automotive,895.34,24.17,81.73
PROD00439,Home & Kitchen,455.06,27.53,52.64
PROD00440,Automotive,732.93,7.86,6.04
PROD00441,Automotive,250.87,10.58,87.18
PROD00442,Beauty,223.12,39.16,33.69
PROD00443,Sports,186.21,32.64,65.87
PROD00444,Beauty,500.7,24.44,71.92
PROD00445,Automotive,232.31,39.87,97.48
PROD00446,Sports,652.07,11.98,68.02
PROD00447,Beauty,76.84,6.07,25.77
PROD00448,Automotive,465.31,35.39,72.72
PROD00449,Fashion,743.99,19.89,34.59
PROD00450,Beauty,374.18,39.57,4.01
PROD00451,Sports,867.7,25.25,43.86
PROD00452,Beauty,726.63,22.03,87.34
PROD00453,Toys,901.2,19.76,27.68
PROD00454,Toys,594.39,36.93,21.07
PROD00455,Fashion,624.85,27.1,73.31
PROD00456,Home & Kitchen,135.91,30.05,90.9
PROD00457,Home & Kitchen,183.78,13.31,97.14
PROD00458,Sports,185.07,34.9,49.23
PROD00459,Books,250.99,35.48,44.53
PROD00460,Home & Kitchen,517.24,17.57,59.3
PROD00461,Sports,167.71,18.69,96.94
PROD00462,Fashion,261.84,27.99,32.52
PROD00463,Books,774.61,9.58,96.98
PROD00464,Books,456.52,13.26,7.35
PROD00465,Toys,173.91,23.19,33.7
PROD00466,Automotive,829.74,20.08,24.87
PROD00467,Books,619.06,29.74,16.7
PROD00468,Electronics,171.78,6.28,73.64
PROD00469,Sports,665.49,21.61,84.42
PROD00470,Books,806.64,25.49,86.83
PROD00471,Books,209.81,8.92,26.97
PROD00472,Electronics,61.8,23.59,93.66
PROD00473,Books,44.15,9.27,45.22
PROD00474,Automotive,934.21,16.07,50.72
PROD00475,Electronics,46.36,10.19,98.66
PROD00476,Toys,965.29,5.17,95.18
PROD00477,Beauty,640.92,35.38,45.47
PROD00478,Books,518.02,22.11,66.69
PROD00479,Books,143.95,6.05,30.79
PROD00480,Sports,706.16,12.06,67.34
PROD00481,Automotive,970.06,8.29,67.26
PROD00482,Sports,446.53,35.38,17.71
PROD00483,Beauty,694.16,34.33,94.46
PROD00484,Books,684.83,22.4,61.78
PROD00485,Automotive,869.56,24.97,3.04
PROD00486,Electronics,931.29,29.13,67.65
PROD00487,Books,219.6,28.06,39.39
PROD00488,Toys,652.98,8.73,65.78
PROD00489,Books,999.42,6.69,97.72
PROD00490,Home & Kitchen,409.87,35.48,78.24
PROD00491,Automotive,569.18,30.85,87.85
PROD00492,Home & Kitchen,407.12,16.45,66.76
PROD00493,Electronics,808.81,31.68,79.78
PROD00494,Books,438.41,33.62,12.02
PROD00495,Electronics,546.77,5.2,32.46
PROD00496,Fashion,369.63,18.87,69.55
PROD00497,Books,391.62,20.7,23.75
PROD00498,Home & Kitchen,376.39,12.95,7.32
PROD00499,Automotive,605.43,28.39,61.95
PROD00500,Home & Kitchen,466.18,18.29,86.33
PROD00501,Electronics,521.49,21.77,2.56
PROD00502,Beauty,344.54,18.31,39.88
PROD00503,Books,582.27,23.68,60.79
PROD00504,Toys,766.06,33.45,71.81
PROD00505,Sports,955.75,5.64,19.58
PROD00506,Automotive,12.53,27.66,89.8
PROD00507,Toys,247.26,37.45,6.03
PROD00508,Toys,934.76,17.31,10.14
PROD00509,Books,488.44,13.99,28.49
PROD00510,Beauty,310.75,33.11,53.92
PROD00511,Books,314.75,26.36,71.62
PROD00512,Beauty,276.26,19.47,12.19
PROD00513,Fashion,185.24,28.84,18.14
PROD00514,Automotive,527.54,29.82,10.69
PROD00515,Electronics,569.48,13.98,96.29
PROD00516,Electronics,486.13,33.21,55.02
PROD00517,Toys,48.2,27.16,95.14
PROD00518,Sports,603.6,33.67,88.42
PROD00519,Fashion,231.94,12.42,61.1
PROD00520,Electronics,413.97,34.4,90.0
PROD00521,Electronics,356.65,13.29,78.05
PROD00522,Sports,278.43,33.79,42.37
PROD00523,Sports,669.21,8.34,62.39
PROD00524,Electronics,454.51,25.53,16.8
PROD00525,Home & Kitchen,738.19,35.2,21.67
PROD00526,Sports,100.24,5.83,64.2
PROD00527,Home & Kitchen,609.06,24.13,23.19
PROD00528,Automotive,393.95,25.81,49.68
PROD00529,Fashion,987.85,9.78,69.51
PROD00530,Sports,407.3,19.99,71.76
PROD00531,Automotive,693.97,39.69,12.84
PROD00532,Beauty,108.59,30.35,57.84
PROD00533,Toys,277.79,7.78,8.57
PROD00534,Home & Kitchen,894.72,11.72,32.34
PROD00535,Fashion,230.52,17.42,6.94
PROD00536,Home & Kitchen,521.46,7.37,80.04
PROD00537,Beauty,237.54,23.9,88.01
PROD00538,Fashion,652.62,23.65,32.43
PROD00539,Electronics,336.34,28.43,99.41
PROD00540,Beauty,663.53,24.52,73.07
PROD00541,Books,467.88,7.1,56.23
PROD00542,Books,957.84,11.14,69.0
PROD00543,Sports,204.93,23.75,9.67
PROD00544,Fashion,453.12,31.47,34.76
PROD00545,Sports,666.59,32.84,92.72
PROD00546,Fashion,238.47,18.98,15.24
PROD00547,Beauty,992.52,37.45,54.0
PROD00548,Fashion,842.82,23.23,62.36
PROD00549,Electronics,93.68,31.43,12.77
PROD00550,Toys,826.94,32.37,70.87
PROD00551,Books,40.98,15.61,26.31
PROD00552,Toys,363.34,8.07,93.7
PROD00553,Fashion,556.03,15.69,39.7
PROD00554,Toys,449.97,26.02,51.57
PROD00555,Electronics,919.8,22.39,99.22
PROD00556,Books,852.17,12.3,93.06
PROD00557,Automotive,120.78,33.61,38.06
PROD00558,Fashion,878.58,35.38,80.59
PROD00559,Books,791.08,15.66,8.09
PROD00560,Toys,405.97,11.07,69.5
PROD00561,Automotive,349.37,39.15,64.1
PROD00562,Home & Kitchen,823.37,9.64,86.2
PROD00563,Books,923.14,22.05,60.63
PROD00564,Home & Kitchen,765.99,11.12,50.26
PROD00565,Beauty,401.67,10.12,36.75
PROD00566,Automotive,72.83,5.9,13.52
PROD00567,Automotive,963.3,24.23,96.58
PROD00568,Books,435.34,15.91,50.61
PROD00569,Beauty,442.31,8.7,64.08
PROD00570,Toys,219.96,26.69,65.02
PROD00571,Sports,156.26,7.15,78.08
PROD00572,Fashion,462.5,7.04,99.49
PROD00573,Beauty,62.49,29.33,98.37
PROD00574,Automotive,242.98,9.98,12.14
PROD00575,Sports,306.76,8.54,69.22
PROD00576,Automotive,66.98,22.83,99.67
PROD00577,Books,814.9,26.53,30.63
PROD00578,Toys,625.78,23.45,42.61
PROD00579,Electronics,135.06,36.03,44.98
PROD00580,Automotive,198.65,17.87,41.41
PROD00581,Toys,828.4,30.68,76.93
PROD00582,Home & Kitchen,15.98,19.57,48.13
PROD00583,Automotive,24.1,14.09,76.03
PROD00584,Sports,141.42,23.74,21.52
PROD00585,Toys,17.06,13.44,97.59
PROD00586,Beauty,802.53,38.59,48.79
PROD00587,Toys,114.19,24.18,45.44
PROD00588,Beauty,845.14,8.43,48.82
PROD00589,Beauty,154.3,16.36,73.74
PROD00590,Electronics,478.64,18.16,39.45
PROD00591,Sports,462.15,32.48,89.21
PROD00592,Fashion,955.56,32.54,31.54
PROD00593,Sports,689.69,20.32,25.47
PROD00594,Books,841.67,6.34,90.18
PROD00595,Automotive,464.17,27.3,65.94
PROD00596,Sports,895.64,27.28,61.39
PROD00597,Automotive,71.32,23.14,15.02
PROD00598,Automotive,738.75,22.93,68.02
PROD00599,Automotive,46.46,7.97,71.63
PROD00600,Electronics,76.72,7.49,1.21
PROD00601,Fashion,956.72,30.81,35.33
PROD00602,Beauty,300.05,17.24,77.47
PROD00603,Sports,663.06,11.48,17.41
PROD00604,Books,102.9,28.11,76.44
PROD00605,Sports,268.72,5.73,8.22
PROD00606,Beauty,968.02,15.34,76.92
PROD00607,Toys,626.54,18.37,20.57
PROD00608,Automotive,125.78,26.53,77.46
PROD00609,Toys,645.68,23.56,4.2
PROD00610,Books,968.65,32.95,29.28
PROD00611,Toys,980.07,26.07,58.24
PROD00612,Toys,749.33,33.41,65.65
PROD00613,Automotive,132.46,16.84,92.81
PROD00614,Beauty,228.49,18.03,43.21
PROD00615,Beauty,442.21,26.45,94.31
PROD00616,Beauty,244.49,9.25,19.75
PROD00617,Sports,887.49,27.6,28.59
PROD00618,Fashion,816.87,35.15,84.65
PROD00619,Sports,919.33,13.83,75.5
PROD00620,Toys,463.24,34.47,72.85
PROD00621,Fashion,777.57,27.97,17.74
PROD00622,Home & Kitchen,547.3,39.46,93.74
PROD00623,Sports,47.96,10.77,13.17
PROD00624,Sports,727.35,33.62,21.35
PROD00625,Automotive,508.32,34.42,73.28
PROD00626,Beauty,544.53,25.66,50.84
PROD00627,Beauty,301.06,24.78,68.89
PROD00628,Fashion,873.96,27.27,76.11
PROD00629,Sports,164.27,21.15,0.93
PROD00630,Beauty,250.45,30.43,99.18
PROD00631,Sports,103.68,19.05,80.01
PROD00632,Toys,208.02,24.43,73.31
PROD00633,Home & Kitchen,617.91,11.58,35.54
PROD00634,Beauty,784.87,24.4,0.52
PROD00635,Electronics,762.19,6.24,74.57
PROD00636,Home & Kitchen,206.47,38.53,36.79
PROD00637,Beauty,330.3,10.21,30.56
PROD00638,Electronics,877.27,39.87,36.83
PROD00639,Electronics,451.37,30.27,88.62
PROD00640,Beauty,595.08,18.7,41.26
PROD00641,Home & Kitchen,697.14,5.11,61.96
PROD00642,Automotive,358.72,32.8,9.3
PROD00643,Fashion,590.26,21.83,64.23
PROD00644,Electronics,69.53,25.3,56.15
PROD00645,Beauty,562.86,26.12,67.65
PROD00646,Automotive,805.96,14.44,82.5
PROD00647,Automotive,500.76,7.7,5.86
PROD00648,Automotive,337.57,32.47,70.77
PROD00649,Toys,789.67,23.1,44.02
PROD00650,Home & Kitchen,151.72,16.49,43.4
PROD00651,Electronics,93.16,12.72,59.82
PROD00652,Beauty,736.98,39.94,93.31
PROD00653,Automotive,644.35,19.74,63.62
PROD00654,Fashion,786.72,9.14,40.99
PROD00655,Fashion,840.6,18.43,57.19
PROD00656,Books,589.83,11.46,36.22
PROD00657,Automotive,337.84,5.92,2.42
PROD00658,Fashion,832.54,14.56,51.81
PROD00659,Electronics,302.23,37.92,25.93
PROD00660,Home & Kitchen,432.51,35.55,84.19
PROD00661,Home & Kitchen,190.17,33.09,45.82
PROD00662,Beauty,485.55,9.67,8.06
PROD00663,Fashion,729.3,22.38,43.69
PROD00664,Sports,730.86,31.79,15.89
PROD00665,Fashion,612.17,9.74,75.14
PROD00666,Books,658.67,38.48,6.9
PROD00667,Sports,61.77,14.88,26.17
PROD00668,Books,250.74,36.72,24.95
PROD00669,Automotive,275.59,31.58,44.97
PROD00670,Automotive,777.83,7.29,48.76
PROD00671,Beauty,38.45,7.19,90.64
PROD00672,Books,143.55,23.63,41.11
PROD00673,Beauty,350.61,36.49,2.18
PROD00674,Electronics,665.47,38.72,56.02
PROD00675,Fashion,937.14,6.83,41.88
PROD00676,Sports,263.86,30.58,98.13
PROD00677,Sports,260.25,27.9,19.81
PROD00678,Beauty,567.5,21.24,97.2
PROD00679,Fashion,610.48,17.23,11.41
PROD00680,Home & Kitchen,155.49,12.89,25.1
PROD00681,Sports,851.36,24.64,52.34
PROD00682,Home & Kitchen,119.2,35.1,72.28
PROD00683,Fashion,72.33,29.77,54.35
PROD00684,Home & Kitchen,86.32,21.04,48.47
PROD00685,Electronics,169.95,38.1,85.0
PROD00686,Books,670.68,21.18,41.18
PROD00687,Automotive,652.72,24.09,6.23
PROD00688,Automotive,514.94,33.22,45.92
PROD00689,Beauty,56.7,32.52,20.14
PROD00690,Electronics,262.33,10.76,33.02
PROD00691,Sports,757.97,23.18,20.49
PROD00692,Beauty,878.44,35.79,87.06
PROD00693,Beauty,242.6,20.79,98.5
PROD00694,Automotive,773.15,5.95,6.52
PROD00695,Fashion,466.61,36.82,53.87
PROD00696,Sports,500.32,8.69,65.68
PROD00697,Beauty,822.99,18.31,77.56
PROD00698,Sports,964.65,12.13,52.33
PROD00699,Books,290.7,32.75,57.76
PROD00700,Fashion,636.41,32.93,39.6
PROD00701,Sports,915.51,23.66,15.8
PROD00702,Home & Kitchen,697.42,32.76,31.68
PROD00703,Beauty,857.89,36.72,27.69
PROD00704,Home & Kitchen,983.6,9.92,20.2
PROD00705,Fashion,188.3,36.29,65.43
PROD00706,Electronics,156.34,20.41,61.53
PROD00707,Home & Kitchen,88.05,35.88,80.36
PROD00708,Beauty,507.68,38.85,41.78
PROD00709,Beauty,984.19,28.38,63.47
PROD00710,Automotive,170.13,35.87,42.75
PROD00711,Fashion,166.42,5.44,55.98
PROD00712,Automotive,529.76,30.18,89.03
PROD00713,Beauty,84.01,30.6,18.74
PROD00714,Books,858.89,33.67,54.08
PROD00715,Beauty,711.69,16.0,47.12
PROD00716,Automotive,822.53,21.07,35.78
PROD00717,Automotive,496.74,33.99,33.52
PROD00718,Fashion,177.89,29.92,82.6
PROD00719,Electronics,105.13,13.4,14.2
PROD00720,Books,351.2,20.76,74.88
PROD00721,Toys,652.89,26.73,35.24
PROD00722,Beauty,842.24,21.5,97.91
PROD00723,Electronics,635.97,9.42,67.62
PROD00724,Fashion,328.48,29.02,6.96
PROD00725,Sports,179.01,34.95,22.72
PROD00726,Electronics,837.86,14.77,64.29
PROD00727,Beauty,695.68,22.94,30.53
PROD00728,Electronics,216.58,6.16,30.39
PROD00729,Home & Kitchen,654.9,37.84,87.12
PROD00730,Automotive,767.23,32.6,66.5
PROD00731,Automotive,263.99,36.75,67.07
PROD00732,Beauty,562.64,8.88,44.71
PROD00733,Home & Kitchen,463.06,35.26,54.66
PROD00734,Books,383.5,39.19,11.07
PROD00735,Automotive,425.44,6.47,73.99
PROD00736,Fashion,918.49,14.8,85.83
PROD00737,Automotive,295.76,36.88,75.4
PROD00738,Toys,805.88,5.63,96.28
PROD00739,Books,728.04,15.67,82.94
PROD00740,Toys,285.11,35.55,11.26
PROD00741,Toys,705.17,23.92,9.65
PROD00742,Fashion,245.68,5.43,46.88
PROD00743,Home & Kitchen,304.76,25.94,29.72
PROD00744,Toys,303.42,31.01,4.81
PROD00745,Books,903.38,34.83,66.78
PROD00746,Automotive,595.26,36.23,18.53
PROD00747,Beauty,83.57,13.38,79.46
PROD00748,Books,39.5,25.4,99.54
PROD00749,Electronics,856.42,23.25,6.36
PROD00750,Automotive,832.22,25.96,11.49
PROD00751,Fashion,98.39,36.84,66.92
PROD00752,Toys,830.14,35.76,57.18
PROD00753,Beauty,519.86,20.06,31.69
PROD00754,Toys,437.42,32.09,60.19
PROD00755,Fashion,893.06,20.52,60.71
PROD00756,Books,633.15,25.71,70.26
PROD00757,Electronics,241.25,22.93,10.42
PROD00758,Automotive,387.59,22.07,65.22
PROD00759,Books,950.78,26.02,74.36
PROD00760,Electronics,508.73,27.19,7.09
PROD00761,Sports,258.12,17.66,47.25
PROD00762,Toys,50.42,9.9,27.68
PROD00763,Automotive,971.68,16.6,48.2
PROD00764,Automotive,200.12,26.38,28.07
PROD00765,Electronics,210.96,23.08,0.55
PROD00766,Sports,12.63,12.67,3.67
PROD00767,Beauty,112.49,16.86,80.26
PROD00768,Home & Kitchen,574.19,22.94,29.35
PROD00769,Beauty,932.09,18.9,8.71
PROD00770,Automotive,618.98,8.98,34.52
PROD00771,Automotive,509.87,35.6,49.35
PROD00772,Fashion,703.75,39.75,13.15
PROD00773,Electronics,278.36,18.81,42.18
PROD00774,Sports,413.97,36.77,71.4
PROD00775,Home & Kitchen,609.87,15.83,82.38
PROD00776,Beauty,955.29,33.74,0.16
PROD00777,Electronics,638.22,6.79,25.76
PROD00778,Books,64.23,26.13,68.66
PROD00779,Fashion,118.92,18.43,45.62
PROD00780,Sports,372.21,9.24,41.89
PROD00781,Fashion,752.42,7.49,8.02
PROD00782,Automotive,358.0,37.96,66.86
PROD00783,Fashion,680.28,17.67,59.37
PROD00784,Home & Kitchen,15.08,27.26,91.33
PROD00785,Automotive,614.51,35.58,72.4
PROD00786,Beauty,124.96,36.59,6.64
PROD00787,Beauty,536.3,9.97,1.17
PROD00788,Books,424.92,15.33,48.6
PROD00789,Automotive,579.31,6.53,12.3
PROD00790,Automotive,560.85,17.01,72.92
PROD00791,Sports,654.03,34.6,69.25
PROD00792,Automotive,432.78,28.55,27.54
PROD00793,Home & Kitchen,309.78,32.61,44.64
PROD00794,Books,799.39,33.78,85.76
PROD00795,Sports,917.05,20.08,31.89
PROD00796,Home & Kitchen,584.29,17.99,60.11
PROD00797,Fashion,707.06,29.09,37.46
PROD00798,Beauty,171.03,20.07,14.26
PROD00799,Books,890.65,17.11,15.45
PROD00800,Toys,30.32,27.6,63.69
PROD00801,Beauty,343.9,7.51,40.96
PROD00802,Electronics,314.66,28.7,60.58
PROD00803,Beauty,367.77,12.63,98.8
PROD00804,Beauty,456.73,29.09,14.06
PROD00805,Automotive,488.16,5.96,50.55
PROD00806,Home & Kitchen,964.2,18.45,3.9
PROD00807,Automotive,35.8,18.58,16.0
PROD00808,Automotive,28.24,31.47,45.85
PROD00809,Toys,292.8,36.5,11.61
PROD00810,Toys,956.14,15.99,88.84
PROD00811,Books,604.93,33.93,98.4
PROD00812,Automotive,291.96,38.64,38.95
PROD00813,Toys,388.58,16.91,54.14
PROD00814,Sports,158.37,24.38,54.17
PROD00815,Sports,763.09,34.18,44.04
PROD00816,Books,305.82,14.08,19.46
PROD00817,Sports,62.36,16.99,27.02
PROD00818,Books,966.59,24.52,34.73
PROD00819,Electronics,582.57,9.87,44.4
PROD00820,Toys,628.1,22.11,40.18
PROD00821,Automotive,993.88,35.81,62.34
PROD00822,Books,571.53,26.72,20.13
PROD00823,Books,398.16,6.38,47.55
PROD00824,Home & Kitchen,545.31,12.97,96.4
PROD00825,Automotive,909.91,30.28,53.34
PROD00826,Electronics,870.62,9.57,79.05
PROD00827,Home & Kitchen,129.2,32.8,27.58
PROD00828,Toys,877.71,38.04,14.88
PROD00829,Fashion,465.36,39.33,48.34
PROD00830,Automotive,864.23,25.61,37.53
PROD00831,Fashion,289.35,12.11,76.18
PROD00832,Automotive,389.61,22.89,49.23
PROD00833,Electronics,579.39,35.3,98.07
PROD00834,Home & Kitchen,410.55,33.96,76.45
PROD00835,Books,575.66,38.46,20.05
PROD00836,Home & Kitchen,113.72,34.89,43.91
PROD00837,Fashion,847.73,36.26,6.25
PROD00838,Automotive,884.05,20.69,51.04
PROD00839,Beauty,628.46,37.42,1.91
PROD00840,Toys,479.46,29.07,72.27
PROD00841,Books,694.07,9.71,29.94
PROD00842,Fashion,361.92,33.16,27.88
PROD00843,Toys,214.65,38.51,0.89
PROD00844,Books,997.83,28.69,82.85
PROD00845,Toys,298.15,5.5,73.79
PROD00846,Automotive,834.97,30.92,14.29
PROD00847,Electronics,754.66,31.91,65.85
PROD00848,Fashion,767.29,34.61,61.36
PROD00849,Sports,93.16,22.07,7.76
PROD00850,Beauty,410.51,19.25,6.6
PROD00851,Sports,352.08,8.88,80.82
PROD00852,Fashion,947.95,7.53,95.51
PROD00853,Books,524.96,15.48,7.69
PROD00854,Fashion,503.12,32.81,70.71
PROD00855,Fashion,54.97,7.55,40.29
PROD00856,Automotive,298.81,13.13,28.1
PROD00857,Home & Kitchen,804.47,37.52,40.51
PROD00858,Beauty,906.58,16.25,47.64
PROD00859,Electronics,229.9,27.42,97.9
PROD00860,Electronics,605.48,17.52,64.78
PROD00861,Toys,127.31,36.1,50.31
PROD00862,Electronics,452.1,25.51,62.48
PROD00863,Beauty,76.42,28.89,24.19
PROD00864,Toys,715.38,33.79,80.4
PROD00865,Toys,554.74,23.21,14.29
PROD00866,Books,776.47,14.5,49.67
PROD00867,Home & Kitchen,287.85,9.68,62.96
PROD00868,Sports,59.06,31.2,31.76
PROD00869,Books,5.13,22.89,4.69
PROD00870,Home & Kitchen,279.79,29.74,6.27
PROD00871,Home & Kitchen,840.14,5.13,24.68
PROD00872,Home & Kitchen,742.2,16.07,10.19
PROD00873,Fashion,363.43,14.46,84.27
PROD00874,Books,316.78,32.61,89.19
PROD00875,Sports,436.65,36.85,37.73
PROD00876,Automotive,964.26,8.13,68.7
PROD00877,Home & Kitchen,496.34,18.57,63.27
PROD00878,Sports,705.34,5.15,16.7
PROD00879,Automotive,714.48,28.32,96.6
PROD00880,Beauty,762.23,38.28,70.25
PROD00881,Automotive,301.56,8.69,78.18
PROD00882,Beauty,645.93,6.69,36.01
PROD00883,Electronics,957.02,22.51,43.27
PROD00884,Automotive,460.41,12.31,36.87
PROD00885,Beauty,372.96,6.83,76.76
PROD00886,Home & Kitchen,419.42,33.78,85.03
PROD00887,Fashion,215.93,28.01,47.23
PROD00888,Automotive,880.76,12.55,67.78
PROD00889,Toys,609.71,15.34,13.66
PROD00890,Beauty,653.38,30.85,31.56
PROD00891,Books,646.61,18.83,71.32
PROD00892,Beauty,203.22,36.16,28.74
PROD00893,Automotive,370.95,7.03,11.15
PROD00894,Beauty,518.28,14.37,83.55
PROD00895,Sports,19.62,18.27,33.73
PROD00896,Books,24.23,9.35,41.36
PROD00897,Automotive,495.4,19.15,53.09
PROD00898,Fashion,597.16,5.35,46.41
PROD00899,Sports,963.68,23.17,67.75
PROD00900,Books,315.3,32.09,77.29
PROD00901,Toys,523.69,39.16,12.56
PROD00902,Beauty,21.86,31.96,80.72
PROD00903,Beauty,124.61,14.3,1.76
PROD00904,Electronics,296.84,32.06,51.8
PROD00905,Books,351.36,18.01,0.14
PROD00906,Beauty,303.3,27.63,97.42
PROD00907,Electronics,847.83,5.83,89.86
PROD00908,Electronics,784.28,32.31,45.8
PROD00909,Automotive,401.02,15.6,6.57
PROD00910,Beauty,232.09,13.63,48.41
PROD00911,Sports,748.71,21.58,5.78
PROD00912,Toys,958.0,38.0,78.52
PROD00913,Sports,991.37,24.06,96.28
PROD00914,Sports,80.23,17.8,22.54
PROD00915,Beauty,199.85,9.93,62.24
PROD00916,Home & Kitchen,782.42,25.24,14.7
PROD00917,Fashion,812.07,27.26,38.82
PROD00918,Electronics,675.76,14.1,34.52
PROD00919,Beauty,917.9,15.17,47.0
PROD00920,Automotive,890.69,29.77,6.22
PROD00921,Electronics,151.57,5.27,63.09
PROD00922,Toys,450.44,9.7,95.79
PROD00923,Home & Kitchen,532.01,13.47,50.06
PROD00924,Fashion,681.22,7.67,27.47
PROD00925,Beauty,807.93,21.09,54.66
PROD00926,Toys,435.65,6.54,16.57
PROD00927,Books,448.31,12.32,5.0
PROD00928,Home & Kitchen,844.43,39.34,79.31
PROD00929,Sports,854.52,13.47,96.06
PROD00930,Home & Kitchen,200.94,38.3,99.48
PROD00931,Toys,713.16,39.34,56.95
PROD00932,Beauty,263.24,20.29,59.36
PROD00933,Home & Kitchen,77.72,26.78,98.12
PROD00934,Beauty,194.16,32.74,90.79
PROD00935,Automotive,943.98,38.6,52.15
PROD00936,Beauty,977.42,31.51,16.17
PROD00937,Toys,479.52,30.14,24.73
PROD00938,Fashion,642.41,28.33,16.27
PROD00939,Automotive,567.26,32.01,49.89
PROD00940,Fashion,17.04,5.32,35.7
PROD00941,Home & Kitchen,926.56,13.0,63.44
PROD00942,Sports,225.97,16.26,84.8
PROD00943,Books,730.22,8.34,42.87
PROD00944,Toys,34.02,21.83,66.24
PROD00945,Fashion,122.91,15.11,39.78
PROD00946,Books,919.93,39.76,4.49
PROD00947,Electronics,762.2,18.01,39.25
PROD00948,Beauty,755.49,37.14,95.09
PROD00949,Fashion,579.24,17.5,78.75
PROD00950,Automotive,254.75,24.74,35.86
PROD00951,Toys,658.35,13.41,19.16
PROD00952,Beauty,918.65,8.56,50.6
PROD00953,Books,224.75,6.36,3.6
PROD00954,Toys,179.35,35.34,28.25
PROD00955,Fashion,950.71,25.36,43.66
PROD00956,Sports,582.19,23.08,75.88
PROD00957,Automotive,286.08,17.36,89.41
PROD00958,Electronics,946.72,36.24,41.94
PROD00959,Toys,781.46,21.67,49.75
PROD00960,Sports,208.66,25.69,18.61
PROD00961,Fashion,334.91,34.93,20.71
PROD00962,Automotive,75.8,7.42,94.08
PROD00963,Beauty,509.39,19.33,81.09
PROD00964,Books,836.65,16.63,69.36
PROD00965,Fashion,772.27,27.91,15.16
PROD00966,Home & Kitchen,876.5,23.87,28.25
PROD00967,Electronics,428.1,6.31,12.79
PROD00968,Electronics,766.72,5.0,41.66
PROD00969,Beauty,524.9,6.91,97.31
PROD00970,Automotive,229.99,15.65,30.39
PROD00971,Fashion,234.26,5.05,72.93
PROD00972,Fashion,967.01,12.85,66.3
PROD00973,Sports,743.19,34.69,42.26
PROD00974,Home & Kitchen,306.42,16.39,71.26
PROD00975,Books,817.7,11.36,37.09
PROD00976,Automotive,902.43,33.23,98.49
PROD00977,Toys,755.48,18.76,59.06
PROD00978,Books,662.71,7.75,54.45
PROD00979,Home & Kitchen,710.77,10.86,78.06
PROD00980,Books,585.85,38.33,4.24
PROD00981,Fashion,269.0,26.05,29.66
PROD00982,Automotive,715.85,31.57,10.25
PROD00983,Books,516.29,22.81,36.93
PROD00984,Beauty,933.26,33.96,69.72
PROD00985,Electronics,715.76,21.16,92.1
PROD00986,Toys,696.12,30.51,86.17
PROD00987,Sports,277.7,33.25,19.52
PROD00988,Automotive,348.62,16.75,97.85
PROD00989,Automotive,857.25,29.54,72.71
PROD00990,Sports,564.26,38.15,49.63
PROD00991,Toys,383.62,10.71,78.62
PROD00992,Fashion,735.77,18.45,2.52
PROD00993,Toys,839.8,5.4,70.37
PROD00994,Toys,970.41,20.32,23.5
PROD00995,Electronics,706.35,33.6,54.64
PROD00996,Books,967.2,6.81,50.48
PROD00997,Beauty,719.86,35.19,17.93
PROD00998,Sports,801.0,24.34,39.66
PROD00999,Fashion,136.06,35.29,15.73
PROD01000,Automotive,313.24,15.15,87.14
PROD01001,Fashion,674.34,32.88,25.05
PROD01002,Sports,626.75,25.01,83.28
PROD01003,Electronics,906.56,5.43,67.4
PROD01004,Electronics,56.58,24.21,28.76
PROD01005,Toys,310.24,17.35,62.13
PROD01006,Sports,337.38,30.64,40.45
PROD01007,Home & Kitchen,73.01,32.43,28.58
PROD01008,Sports,435.6,28.99,33.25
PROD01009,Fashion,61.3,18.09,94.44
PROD01010,Sports,643.53,28.5,63.23
PROD01011,Sports,203.0,19.64,75.09
PROD01012,Sports,105.87,14.72,27.63
PROD01013,Toys,434.86,39.31,6.75
PROD01014,Home & Kitchen,521.11,11.28,97.07
PROD01015,Electronics,117.74,19.13,73.79
PROD01016,Beauty,706.03,19.8,34.65
PROD01017,Home & Kitchen,400.62,14.25,20.53
PROD01018,Home & Kitchen,485.62,14.4,28.75
PROD01019,Beauty,658.47,38.9,60.36
PROD01020,Home & Kitchen,81.59,7.65,95.14
PROD01021,Fashion,300.8,8.22,59.9
PROD01022,Electronics,625.53,27.7,26.74
PROD01023,Home & Kitchen,20.04,38.78,25.09
PROD01024,Electronics,677.65,29.73,61.0
PROD01025,Toys,316.34,14.49,59.77
PROD01026,Sports,866.77,38.14,10.59
PROD01027,Toys,159.05,38.07,73.65
PROD01028,Electronics,883.58,12.09,58.76
PROD01029,Home & Kitchen,702.63,28.8,40.82
PROD01030,Beauty,20.32,25.4,25.31
PROD01031,Electronics,453.0,38.52,39.9
PROD01032,Home & Kitchen,840.6,11.6,67.25
PROD01033,Books,977.12,8.57,0.83
PROD01034,Fashion,436.41,8.24,74.84
PROD01035,Fashion,914.98,20.19,25.87
PROD01036,Automotive,437.23,30.32,0.91
PROD01037,Automotive,591.51,26.47,63.77
PROD01038,Toys,245.81,29.99,9.14
PROD01039,Fashion,203.27,35.71,73.87
PROD01040,Automotive,18.68,13.69,21.44
PROD01041,Sports,274.45,13.66,6.25
PROD01042,Electronics,461.65,30.65,60.67
PROD01043,Beauty,674.51,7.84,95.15
PROD01044,Automotive,839.3,33.18,82.3
PROD01045,Electronics,933.05,24.05,20.03
PROD01046,Electronics,618.7,31.0,73.79
PROD01047,Automotive,523.84,7.4,37.11
PROD01048,Books,921.16,25.46,53.83
PROD01049,Books,272.51,17.9,89.53
PROD01050,Fashion,668.13,32.56,45.43
PROD01051,Automotive,632.1,13.69,70.55
PROD01052,Automotive,430.46,20.49,64.93
PROD01053,Fashion,936.6,7.24,82.47
PROD01054,Fashion,295.92,20.54,2.19
PROD01055,Toys,304.54,22.59,5.62
PROD01056,Home & Kitchen,493.64,37.45,10.54
PROD01057,Fashion,765.62,19.34,65.52
PROD01058,Home & Kitchen,263.94,10.58,16.05
PROD01059,Beauty,75.14,11.5,66.42
PROD01060,Toys,882.28,33.49,68.51
PROD01061,Books,114.88,15.12,30.98
PROD01062,Beauty,253.71,23.03,53.56
PROD01063,Automotive,360.1,17.38,82.86
PROD01064,Books,790.35,15.77,91.38
PROD01065,Fashion,953.05,16.44,35.44
PROD01066,Fashion,508.11,37.94,87.63
PROD01067,Sports,107.06,18.75,55.34
PROD01068,Books,505.62,11.79,85.88
PROD01069,Automotive,678.56,34.33,85.88
PROD01070,Sports,749.61,20.37,61.05
PROD01071,Books,164.56,28.58,17.93
PROD01072,Toys,695.48,13.04,11.76
PROD01073,Automotive,169.46,5.07,71.87
PROD01074,Books,733.74,23.02,16.14
PROD01075,Books,88.14,5.67,16.57
PROD01076,Fashion,891.4,13.45,35.43
PROD01077,Toys,109.82,12.78,51.92
PROD01078,Books,609.71,13.59,5.77
PROD01079,Toys,394.08,13.2,21.96
PROD01080,Beauty,960.06,26.57,55.69
PROD01081,Toys,418.7,20.01,54.09
PROD01082,Home & Kitchen,697.95,29.58,17.17
PROD01083,Automotive,502.61,19.42,87.05
PROD01084,Fashion,633.26,23.64,11.54
PROD01085,Fashion,607.61,9.1,33.72
PROD01086,Fashion,147.13,29.22,20.63
PROD01087,Fashion,394.9,36.35,20.43
PROD01088,Books,510.27,19.67,1.81
PROD01089,Fashion,793.79,7.42,47.43
PROD01090,Toys,562.87,26.99,68.86
PROD01091,Home & Kitchen,257.01,5.35,72.34
PROD01092,Electronics,537.98,34.26,82.14
PROD01093,Toys,844.11,21.98,33.36
PROD01094,Fashion,792.6,20.8,18.34
PROD01095,Books,855.7,35.89,46.63
PROD01096,Toys,80.32,18.57,80.35
PROD01097,Books,902.27,12.12,6.7
PROD01098,Electronics,877.96,18.63,54.18
PROD01099,Beauty,968.23,7.33,64.83
PROD01100,Beauty,78.73,18.14,80.38
PROD01101,Toys,436.3,39.9,55.91
PROD01102,Fashion,324.56,12.7,35.05
PROD01103,Sports,375.67,7.4,36.96
PROD01104,Home & Kitchen,466.92,30.3,65.67
PROD01105,Automotive,710.22,5.29,21.77
PROD01106,Sports,663.38,21.94,0.53
PROD01107,Fashion,805.47,32.05,54.84
PROD01108,Toys,71.13,31.83,58.37
PROD01109,Toys,783.05,31.31,80.3
PROD01110,Fashion,520.42,9.91,67.12
PROD01111,Beauty,622.37,30.98,16.99
PROD01112,Sports,199.0,36.16,75.0
PROD01113,Books,908.69,31.56,59.72
PROD01114,Electronics,655.86,36.12,57.88
PROD01115,Beauty,634.23,10.48,47.39
PROD01116,Electronics,717.82,14.48,20.23
PROD01117,Home & Kitchen,317.26,13.45,21.49
PROD01118,Beauty,427.73,36.77,50.71
PROD01119,Beauty,191.98,7.69,69.62
PROD01120,Toys,385.88,33.76,65.95
PROD01121,Toys,797.26,14.52,69.24
PROD01122,Electronics,267.74,37.87,63.64
PROD01123,Home & Kitchen,327.89,14.43,19.09
PROD01124,Home & Kitchen,696.17,12.66,59.53
PROD01125,Books,268.31,28.17,81.49
PROD01126,Fashion,779.14,31.63,18.77
PROD01127,Home & Kitchen,92.94,29.46,36.83
PROD01128,Electronics,435.18,6.09,25.96
PROD01129,Fashion,38.51,35.77,24.34
PROD01130,Sports,559.55,6.36,66.68
PROD01131,Books,326.41,36.43,88.81
PROD01132,Books,328.66,36.53,99.62
PROD01133,Automotive,826.29,34.57,24.9
PROD01134,Toys,578.82,7.35,9.49
PROD01135,Home & Kitchen,998.9,16.43,74.82
PROD01136,Toys,807.63,35.03,99.76
PROD01137,Beauty,245.29,6.41,41.12
PROD01138,Toys,134.43,5.78,36.04
PROD01139,Fashion,784.82,24.82,31.28
PROD01140,Electronics,656.07,13.12,1.44
PROD01141,Home & Kitchen,765.53,26.83,76.23
PROD01142,Home & Kitchen,43.74,34.3,61.95
PROD01143,Electronics,565.58,26.86,86.44
PROD01144,Fashion,589.0,25.33,99.07
PROD01145,Beauty,757.95,20.48,70.74
PROD01146,Automotive,392.28,13.01,59.69
PROD01147,Books,928.54,37.52,34.19
PROD01148,Automotive,530.04,12.41,99.56
PROD01149,Automotive,981.21,27.73,80.44
PROD01150,Books,716.52,25.76,5.33
PROD01151,Beauty,457.49,28.62,67.75
PROD01152,Sports,376.26,37.96,16.74
PROD01153,Fashion,502.86,29.18,69.71
PROD01154,Toys,650.4,14.64,15.62
PROD01155,Books,637.76,25.98,17.94
PROD01156,Fashion,706.61,20.93,66.78
PROD01157,Beauty,838.18,10.94,1.91
PROD01158,Automotive,780.21,26.34,69.96
PROD01159,Beauty,838.96,33.1,96.09
PROD01160,Electronics,538.26,22.1,40.19
PROD01161,Sports,157.92,25.04,27.7
PROD01162,Books,921.7,25.41,59.28
PROD01163,Electronics,358.15,6.82,3.17
PROD01164,Electronics,426.22,7.96,60.68
PROD01165,Sports,881.57,35.9,65.9
PROD01166,Beauty,215.18,35.2,88.61
PROD01167,Sports,200.67,30.81,28.65
PROD01168,Home & Kitchen,803.63,39.9,3.0
PROD01169,Beauty,897.88,26.79,97.34
PROD01170,Beauty,467.68,34.66,6.24
PROD01171,Toys,338.6,7.35,97.53
PROD01172,Fashion,817.89,34.84,93.8
PROD01173,Electronics,89.68,18.5,7.1
PROD01174,Automotive,214.74,13.03,46.91
PROD01175,Books,272.22,8.53,16.75
PROD01176,Home & Kitchen,151.54,39.06,75.93
PROD01177,Home & Kitchen,967.92,20.39,27.84
PROD01178,Books,799.3,16.42,29.94
PROD01179,Sports,236.34,9.54,25.65
PROD01180,Toys,358.54,28.59,6.26
PROD01181,Fashion,214.45,33.32,14.69
PROD01182,Books,345.93,35.26,15.49
PROD01183,Electronics,87.32,21.96,30.24
PROD01184,Books,565.59,33.13,13.71
PROD01185,Electronics,582.8,22.69,14.41
PROD01186,Automotive,625.88,14.58,48.78
PROD01187,Fashion,86.86,21.09,30.65
PROD01188,Toys,823.27,6.99,41.86
PROD01189,Books,461.14,30.38,57.43
PROD01190,Books,668.88,32.2,86.22
PROD01191,Books,317.31,23.83,84.01
PROD01192,Beauty,989.5,36.13,37.15
PROD01193,Fashion,199.19,22.13,74.16
PROD01194,Books,495.11,21.91,83.82
PROD01195,Electronics,364.6,35.09,40.68
PROD01196,Toys,331.59,20.89,76.24
PROD01197,Home & Kitchen,130.37,11.87,95.14
PROD01198,Automotive,179.61,24.87,57.93
PROD01199,Toys,492.18,27.57,22.98
PROD01200,Fashion,554.9,18.03,66.17
PROD01201,Books,145.52,24.98,18.53
PROD01202,Fashion,282.25,12.65,18.28
PROD01203,Sports,826.58,15.0,92.71
PROD01204,Books,970.08,24.99,14.3
PROD01205,Books,377.68,32.92,36.74
PROD01206,Fashion,91.58,24.49,84.51
PROD01207,Books,796.95,11.13,67.28
PROD01208,Beauty,224.4,12.64,87.41
PROD01209,Toys,253.42,14.21,0.07
PROD01210,Sports,871.32,32.74,62.73
PROD01211,Toys,751.51,10.32,45.83
PROD01212,Home & Kitchen,354.46,8.28,48.61
PROD01213,Fashion,921.14,6.4,29.15
PROD01214,Fashion,211.5,13.34,90.84
PROD01215,Sports,470.73,21.32,76.06
PROD01216,Toys,158.72,22.05,43.0
PROD01217,Toys,598.93,39.98,76.94
PROD01218,Home & Kitchen,400.88,33.96,17.07
PROD01219,Sports,35.31,12.16,34.04
PROD01220,Fashion,513.03,26.53,91.06
PROD01221,Home & Kitchen,512.3,22.54,5.02
PROD01222,Beauty,39.74,24.29,43.82
PROD01223,Sports,839.98,10.62,2.5
PROD01224,Home & Kitchen,451.79,13.31,4.96
PROD01225,Home & Kitchen,725.98,8.91,60.83
PROD01226,Fashion,284.64,11.07,37.98
PROD01227,Home & Kitchen,802.44,18.72,75.08
PROD01228,Automotive,129.86,32.05,23.69
PROD01229,Automotive,679.01,24.8,92.91
PROD01230,Automotive,390.39,7.32,1.92
PROD01231,Toys,827.72,23.37,77.52
PROD01232,Toys,238.25,17.08,3.01
PROD01233,Home & Kitchen,961.68,28.38,93.32
PROD01234,Automotive,269.17,26.4,67.85
PROD01235,Fashion,320.96,34.68,94.72
PROD01236,Automotive,885.43,30.87,27.75
PROD01237,Automotive,285.21,38.72,1.03
PROD01238,Beauty,717.47,29.72,62.27
PROD01239,Beauty,990.16,15.92,34.0
PROD01240,Electronics,83.54,20.5,26.1
PROD01241,Toys,346.67,34.21,93.55
PROD01242,Fashion,189.8,18.04,92.86
PROD01243,Beauty,66.5,8.23,16.28
PROD01244,Automotive,597.24,10.27,96.81
PROD01245,Automotive,449.48,22.55,24.67
PROD01246,Electronics,473.61,28.17,75.12
PROD01247,Electronics,755.1,25.23,90.44
PROD01248,Toys,818.32,31.5,5.56
PROD01249,Beauty,11.84,12.44,66.35
PROD01250,Fashion,414.14,19.08,88.46
PROD01251,Fashion,896.09,36.82,31.39
PROD01252,Books,692.6,14.51,19.06
PROD01253,Automotive,188.71,16.97,43.0
PROD01254,Electronics,831.79,9.2,73.49
PROD01255,Automotive,533.8,15.08,49.28
PROD01256,Sports,303.44,25.86,43.38
PROD01257,Toys,168.58,9.08,54.67
PROD01258,Automotive,902.9,17.04,73.3
PROD01259,Home & Kitchen,660.37,37.6,82.1
PROD01260,Electronics,568.77,28.0,89.84
PROD01261,Automotive,402.52,16.44,1.08
PROD01262,Fashion,827.42,33.03,10.45
PROD01263,Toys,578.97,21.24,11.87
PROD01264,Fashion,980.67,12.51,6.72
PROD01265,Home & Kitchen,596.87,30.86,3.24
PROD01266,Electronics,660.42,23.63,10.33
PROD01267,Sports,176.66,24.88,29.64
PROD01268,Automotive,938.62,33.66,98.36
PROD01269,Automotive,263.37,38.94,43.12
PROD01270,Home & Kitchen,350.78,6.76,5.28
PROD01271,Toys,693.55,21.03,22.65
PROD01272,Toys,615.9,13.85,57.76
PROD01273,Beauty,362.41,33.82,82.07
PROD01274,Books,479.96,17.28,36.26
PROD01275,Books,806.69,16.49,20.91
PROD01276,Toys,89.26,21.33,48.21
PROD01277,Electronics,841.7,12.74,38.1
PROD01278,Toys,809.36,33.83,38.46
PROD01279,Fashion,461.83,15.62,93.26
PROD01280,Toys,123.05,37.68,68.39
PROD01281,Fashion,533.91,6.14,47.56
PROD01282,Books,410.71,10.64,65.64
PROD01283,Beauty,971.3,24.68,71.48
PROD01284,Beauty,73.11,19.62,11.64
PROD01285,Home & Kitchen,614.73,37.85,66.18
PROD01286,Toys,81.42,17.41,55.07
PROD01287,Fashion,406.19,34.18,81.47
PROD01288,Home & Kitchen,613.77,18.07,25.53
PROD01289,Toys,110.34,17.42,41.32
PROD01290,Beauty,677.44,28.04,7.01
PROD01291,Books,398.28,11.36,15.68
PROD01292,Home & Kitchen,828.17,6.47,41.92
PROD01293,Fashion,172.36,35.78,55.7
PROD01294,Beauty,235.22,22.58,73.15
PROD01295,Books,958.33,12.72,88.62
PROD01296,Toys,934.63,37.07,63.54
PROD01297,Home & Kitchen,631.67,19.11,75.24
PROD01298,Fashion,533.64,28.71,42.85
PROD01299,Books,732.84,33.86,14.64
PROD01300,Toys,833.77,23.91,84.47
PROD01301,Electronics,434.15,18.27,91.51
PROD01302,Toys,254.91,34.55,48.4
PROD01303,Beauty,516.52,15.8,57.3
PROD01304,Home & Kitchen,328.59,6.37,27.2
PROD01305,Sports,11.35,39.24,96.57
PROD01306,Toys,398.18,30.49,34.58
PROD01307,Automotive,672.74,33.19,94.68
PROD01308,Sports,403.21,32.42,26.59
PROD01309,Sports,990.38,5.9,60.35
PROD01310,Home & Kitchen,661.21,29.08,12.04
PROD01311,Home & Kitchen,938.84,11.34,62.28
PROD01312,Fashion,226.56,15.75,54.65
PROD01313,Beauty,420.11,10.61,17.09
PROD01314,Fashion,421.05,31.5,89.8
PROD01315,Electronics,88.71,18.76,10.02
PROD01316,Toys,21.51,28.16,60.24
PROD01317,Home & Kitchen,167.2,13.18,2.37
PROD01318,Books,835.77,39.11,13.55
PROD01319,Home & Kitchen,235.32,35.39,92.65
PROD01320,Home & Kitchen,422.53,6.77,3.94
PROD01321,Home & Kitchen,576.08,18.75,2.87
PROD01322,Home & Kitchen,585.34,5.4,78.74
PROD01323,Automotive,309.9,6.41,58.84
PROD01324,Electronics,400.7,39.08,54.42
PROD01325,Books,278.86,29.83,27.15
PROD01326,Toys,904.72,18.12,54.99
PROD01327,Sports,55.32,19.91,83.24
PROD01328,Automotive,806.62,12.85,22.61
PROD01329,Beauty,818.22,37.56,9.54
PROD01330,Automotive,452.81,16.81,87.07
PROD01331,Sports,88.11,12.39,75.25
PROD01332,Sports,56.04,22.24,44.21
PROD01333,Beauty,337.73,18.81,52.99
PROD01334,Automotive,165.56,25.02,80.54
PROD01335,Sports,761.36,10.39,14.92
PROD01336,Toys,271.83,17.64,40.85
PROD01337,Automotive,681.3,6.98,3.47
PROD01338,Automotive,394.95,29.4,19.34
PROD01339,Beauty,643.3,14.09,88.61
PROD01340,Books,896.21,15.41,23.0
PROD01341,Books,414.25,13.42,67.24
PROD01342,Home & Kitchen,826.93,28.56,82.44
PROD01343,Sports,400.01,10.47,73.8
PROD01344,Home & Kitchen,363.67,28.49,27.06
PROD01345,Beauty,85.82,39.74,15.62
PROD01346,Electronics,988.48,39.2,79.38
PROD01347,Automotive,661.13,25.22,86.61
PROD01348,Toys,292.99,21.37,61.94
PROD01349,Fashion,414.13,19.96,33.03
PROD01350,Fashion,566.41,34.77,20.15
PROD01351,Beauty,934.76,29.12,82.33
PROD01352,Fashion,558.41,32.28,1.62
PROD01353,Home & Kitchen,819.29,6.4,88.99
PROD01354,Beauty,992.0,15.29,21.03
PROD01355,Automotive,766.54,13.86,86.56
PROD01356,Home & Kitchen,107.33,9.41,97.92
PROD01357,Books,675.47,34.64,32.43
PROD01358,Fashion,678.1,25.8,60.32
PROD01359,Sports,684.12,25.14,42.91
PROD01360,Automotive,279.54,31.9,22.63
PROD01361,Toys,693.89,13.17,62.53
PROD01362,Electronics,748.34,12.65,5.99
PROD01363,Books,135.32,26.21,84.94
PROD01364,Electronics,49.77,30.7,34.13
PROD01365,Books,481.14,37.51,33.2
PROD01366,Toys,468.01,5.48,8.16
PROD01367,Sports,262.3,5.97,63.14
PROD01368,Books,429.27,24.19,17.46
PROD01369,Fashion,299.45,28.23,96.53
PROD01370,Toys,55.16,36.16,57.69
PROD01371,Sports,566.1,22.51,6.94
PROD01372,Electronics,94.43,26.03,34.1
PROD01373,Toys,917.68,19.23,14.33
PROD01374,Fashion,716.15,15.27,52.55
PROD01375,Toys,699.34,36.51,79.22
PROD01376,Home & Kitchen,677.98,28.79,94.59
PROD01377,Home & Kitchen,299.34,5.04,27.2
PROD01378,Electronics,221.8,28.16,63.37
PROD01379,Beauty,595.49,5.57,72.88
PROD01380,Automotive,326.91,28.28,55.66
PROD01381,Home & Kitchen,346.02,9.71,9.44
PROD01382,Automotive,832.36,37.14,64.98
PROD01383,Automotive,107.92,19.07,72.89
PROD01384,Electronics,780.92,9.14,0.0
PROD01385,Fashion,713.58,17.48,25.45
PROD01386,Electronics,17.83,23.91,85.12
PROD01387,Beauty,957.84,24.8,51.45
PROD01388,Sports,89.63,24.21,38.0
PROD01389,Home & Kitchen,609.1,18.61,24.03
PROD01390,Books,99.49,16.02,9.66
PROD01391,Fashion,181.01,39.56,44.41
PROD01392,Beauty,534.21,35.58,99.56
PROD01393,Sports,584.8,33.44,32.69
PROD01394,Beauty,309.22,19.09,67.25
PROD01395,Fashion,683.78,16.03,13.32
PROD01396,Electronics,634.23,9.49,57.85
PROD01397,Sports,694.96,29.52,75.35
PROD01398,Books,873.5,22.5,73.02
PROD01399,Automotive,621.08,11.53,2.57
PROD01400,Fashion,288.12,20.51,61.71
PROD01401,Fashion,850.71,11.87,12.55
PROD01402,Automotive,963.66,8.78,47.85
PROD01403,Electronics,587.64,23.95,8.6
PROD01404,Sports,61.74,8.69,58.56
PROD01405,Home & Kitchen,546.62,13.18,63.78
PROD01406,Beauty,820.97,6.46,49.81
PROD01407,Books,690.86,13.83,30.78
PROD01408,Electronics,615.57,36.43,80.99
PROD01409,Toys,585.21,30.56,36.48
PROD01410,Sports,642.76,21.32,18.99
PROD01411,Books,703.23,24.48,35.86
PROD01412,Home & Kitchen,911.78,5.73,31.58
PROD01413,Fashion,61.6,31.83,70.21
PROD01414,Toys,334.7,28.65,39.59
PROD01415,Fashion,757.47,20.9,41.23
PROD01416,Electronics,935.06,13.78,12.04
PROD01417,Books,586.62,38.93,37.78
PROD01418,Automotive,66.73,16.88,50.59
PROD01419,Electronics,166.11,28.03,99.77
PROD01420,Books,454.48,17.42,40.07
PROD01421,Toys,119.57,35.91,41.48
PROD01422,Beauty,390.34,28.09,44.2
PROD01423,Electronics,649.99,7.15,81.37
PROD01424,Toys,940.8,27.71,95.46
PROD01425,Fashion,155.68,21.71,60.18
PROD01426,Toys,583.83,19.05,33.81
PROD01427,Sports,131.19,18.71,16.27
PROD01428,Fashion,735.69,12.31,5.86
PROD01429,Toys,554.6,25.83,87.19
PROD01430,Home & Kitchen,579.1,17.09,80.3
PROD01431,Electronics,542.58,7.77,56.59
PROD01432,Toys,908.48,18.87,29.63
PROD01433,Toys,147.75,10.3,43.28
PROD01434,Home & Kitchen,597.7,7.82,93.96
PROD01435,Automotive,756.36,25.53,82.84
PROD01436,Automotive,84.79,21.69,63.01
PROD01437,Home & Kitchen,829.51,32.42,27.71
PROD01438,Home & Kitchen,941.18,9.35,87.51
PROD01439,Fashion,971.09,11.2,72.21
PROD01440,Automotive,45.08,19.19,51.63
PROD01441,Electronics,582.74,37.76,67.23
PROD01442,Beauty,483.87,33.34,95.05
PROD01443,Sports,26.96,39.39,8.61
PROD01444,Electronics,815.31,14.81,13.22
PROD01445,Sports,442.66,27.54,38.1
PROD01446,Electronics,59.29,25.98,90.24
PROD01447,Toys,386.3,12.57,44.26
PROD01448,Beauty,53.12,33.72,82.63
PROD01449,Books,590.06,17.36,79.98
PROD01450,Automotive,556.91,33.91,63.15
PROD01451,Beauty,785.48,25.95,41.41
PROD01452,Electronics,958.16,23.94,60.51
PROD01453,Sports,224.39,26.9,57.16
PROD01454,Beauty,188.91,7.09,60.44
PROD01455,Toys,764.87,23.32,22.68
PROD01456,Electronics,668.19,7.8,44.18
PROD01457,Toys,167.55,11.46,20.23
PROD01458,Beauty,389.77,6.79,39.78
PROD01459,Fashion,514.15,21.92,38.28
PROD01460,Toys,839.95,10.09,50.57
PROD01461,Books,66.73,7.49,57.39
PROD01462,Books,568.19,35.73,55.79
PROD01463,Automotive,959.99,6.7,9.8
PROD01464,Books,48.85,11.48,54.13
PROD01465,Toys,647.34,6.6,94.6
PROD01466,Home & Kitchen,842.95,15.38,7.72
PROD01467,Automotive,174.04,9.44,12.33
PROD01468,Automotive,520.97,13.6,35.81
PROD01469,Toys,989.56,28.95,94.9
PROD01470,Beauty,146.84,18.37,55.47
PROD01471,Fashion,81.37,5.15,67.04
PROD01472,Books,643.61,19.38,48.96
PROD01473,Fashion,418.37,5.84,33.54
PROD01474,Books,181.2,8.44,95.67
PROD01475,Home & Kitchen,601.36,30.5,31.54
PROD01476,Beauty,396.18,13.29,9.7
PROD01477,Toys,183.14,32.91,67.75
PROD01478,Fashion,549.19,21.63,92.24
PROD01479,Fashion,77.37,14.82,34.99
PROD01480,Toys,783.51,39.74,24.07
PROD01481,Beauty,874.94,34.07,22.47
PROD01482,Beauty,402.34,19.34,97.82
PROD01483,Automotive,184.99,32.97,33.42
PROD01484,Books,732.22,19.7,57.84
PROD01485,Home & Kitchen,833.45,33.15,86.64
PROD01486,Automotive,64.32,29.22,14.0
PROD01487,Toys,418.74,24.2,40.27
PROD01488,Automotive,522.01,39.88,13.52
PROD01489,Electronics,677.08,18.86,13.3
PROD01490,Toys,162.94,38.22,87.96
PROD01491,Books,907.51,39.7,20.83
PROD01492,Beauty,358.66,28.42,48.38
PROD01493,Electronics,421.3,17.52,59.38
PROD01494,Fashion,577.72,10.65,47.17
PROD01495,Books,555.7,24.96,21.01
PROD01496,Toys,743.56,5.88,35.48
PROD01497,Home & Kitchen,781.31,24.74,26.12
PROD01498,Electronics,696.48,24.86,79.62
PROD01499,Home & Kitchen,736.35,26.35,48.82
PROD01500,Automotive,137.52,14.15,41.91
PROD01501,Electronics,601.3,22.98,28.82
PROD01502,Home & Kitchen,11.43,22.37,28.56
PROD01503,Fashion,735.94,5.84,58.48
PROD01504,Sports,941.77,11.1,47.16
PROD01505,Toys,95.96,26.9,55.05
PROD01506,Toys,410.33,23.25,89.66
PROD01507,Books,200.31,5.79,86.17
PROD01508,Electronics,579.23,36.17,59.69
PROD01509,Home & Kitchen,811.11,20.04,74.99
PROD01510,Automotive,913.48,25.02,18.08
PROD01511,Toys,272.45,11.95,24.69
PROD01512,Toys,309.88,24.43,58.8
PROD01513,Automotive,429.37,26.54,8.16
PROD01514,Fashion,92.35,11.01,51.81
PROD01515,Home & Kitchen,217.92,14.91,40.03
PROD01516,Toys,812.81,5.49,64.94
PROD01517,Books,670.53,32.95,93.28
PROD01518,Toys,25.04,10.38,88.62
PROD01519,Beauty,461.23,24.76,66.3
PROD01520,Sports,680.67,37.61,99.69
PROD01521,Fashion,721.56,15.05,87.98
PROD01522,Electronics,53.97,13.09,89.74
PROD01523,Home & Kitchen,259.91,12.72,13.81
PROD01524,Automotive,859.82,22.5,67.49
PROD01525,Books,242.87,31.53,76.0
PROD01526,Fashion,316.04,19.37,20.97
PROD01527,Beauty,976.68,27.6,93.45
PROD01528,Beauty,306.87,32.37,76.59
PROD01529,Automotive,693.2,38.8,39.36
PROD01530,Sports,135.06,28.51,72.93
PROD01531,Beauty,577.19,12.24,50.45
PROD01532,Automotive,315.63,19.96,64.52
PROD01533,Sports,746.49,13.13,40.53
PROD01534,Fashion,272.82,11.95,78.34
PROD01535,Home & Kitchen,909.71,17.96,75.13
PROD01536,Fashion,897.51,34.61,18.28
PROD01537,Automotive,956.51,18.18,33.92
PROD01538,Home & Kitchen,67.12,22.02,10.9
PROD01539,Automotive,252.3,16.09,80.88
PROD01540,Fashion,876.11,15.59,85.87
PROD01541,Toys,857.94,31.76,14.67
PROD01542,Toys,691.87,38.08,68.25
PROD01543,Fashion,334.96,22.52,64.57
PROD01544,Beauty,513.02,9.2,31.21
PROD01545,Beauty,803.38,35.15,13.73
PROD01546,Home & Kitchen,952.62,16.51,66.23
PROD01547,Home & Kitchen,753.07,33.42,94.57
PROD01548,Toys,316.35,35.05,13.17
PROD01549,Sports,706.52,30.97,67.77
PROD01550,Fashion,256.05,35.56,16.89
PROD01551,Sports,58.37,30.11,47.55
PROD01552,Home & Kitchen,849.85,18.42,16.83
PROD01553,Sports,837.26,24.21,18.92
PROD01554,Automotive,721.78,22.89,60.43
PROD01555,Electronics,463.59,34.0,82.96
PROD01556,Toys,710.84,8.69,83.89
PROD01557,Toys,672.66,29.4,36.3
PROD01558,Automotive,879.88,30.39,11.26
PROD01559,Home & Kitchen,410.74,36.02,4.72
PROD01560,Fashion,961.61,28.77,63.14
PROD01561,Fashion,274.21,13.71,94.21
PROD01562,Beauty,301.78,32.14,39.31
PROD01563,Books,143.56,5.38,54.43
PROD01564,Automotive,975.9,17.92,35.72
PROD01565,Books,347.37,23.22,44.07
PROD01566,Books,880.52,22.69,50.78
PROD01567,Fashion,142.68,39.4,25.0
PROD01568,Home & Kitchen,78.0,28.21,59.54
PROD01569,Toys,418.07,19.78,78.51
PROD01570,Fashion,199.73,33.71,64.87
PROD01571,Automotive,421.87,21.03,25.66
PROD01572,Automotive,753.35,22.95,32.09
PROD01573,Toys,598.07,39.85,43.53
PROD01574,Home & Kitchen,921.09,17.08,5.47
PROD01575,Home & Kitchen,208.22,19.65,21.96
PROD01576,Home & Kitchen,5.23,37.03,84.39
PROD01577,Books,743.58,10.87,12.04
PROD01578,Electronics,72.27,30.34,92.88
PROD01579,Fashion,433.38,9.17,51.24
PROD01580,Home & Kitchen,352.09,18.12,62.13
PROD01581,Beauty,720.12,8.87,3.56
PROD01582,Home & Kitchen,994.36,13.15,5.38
PROD01583,Home & Kitchen,193.93,6.36,39.18
PROD01584,Toys,803.39,16.94,44.42
PROD01585,Sports,677.21,22.81,86.14
PROD01586,Toys,866.71,5.35,77.8
PROD01587,Beauty,463.43,39.61,48.32
PROD01588,Fashion,986.96,31.41,24.86
PROD01589,Beauty,540.7,39.72,85.75
PROD01590,Sports,101.88,29.72,34.56
PROD01591,Beauty,11.95,19.12,23.48
PROD01592,Home & Kitchen,819.77,16.81,82.75
PROD01593,Beauty,5.59,15.77,24.12
PROD01594,Fashion,237.4,7.39,18.71
PROD01595,Home & Kitchen,557.77,15.2,41.74
PROD01596,Home & Kitchen,379.98,35.66,90.53
PROD01597,Home & Kitchen,495.49,16.56,10.68
PROD01598,Toys,953.64,7.11,29.77
PROD01599,Electronics,301.58,16.21,16.43
PROD01600,Electronics,784.25,9.29,63.49
PROD01601,Fashion,128.23,7.47,90.94
PROD01602,Electronics,194.18,33.74,54.46
PROD01603,Beauty,82.47,38.44,24.7
PROD01604,Sports,860.35,10.91,85.39
PROD01605,Books,18.16,22.91,76.94
PROD01606,Electronics,935.12,36.82,81.96
PROD01607,Automotive,888.75,11.97,28.42
PROD01608,Beauty,292.52,18.2,39.33
PROD01609,Beauty,546.83,10.6,69.12
PROD01610,Automotive,171.73,15.86,50.33
PROD01611,Sports,797.46,30.88,64.55
PROD01612,Books,159.99,24.15,8.74
PROD01613,Beauty,380.48,19.47,3.98
PROD01614,Automotive,277.62,38.45,95.36
PROD01615,Fashion,355.57,6.51,17.91
PROD01616,Electronics,395.26,38.17,14.12
PROD01617,Home & Kitchen,764.7,8.8,98.13
PROD01618,Automotive,384.71,32.13,34.26
PROD01619,Books,629.53,11.72,14.6
PROD01620,Automotive,938.37,37.12,88.75
PROD01621,Automotive,627.31,33.29,6.9
PROD01622,Sports,338.12,15.98,63.56
PROD01623,Toys,359.18,10.2,59.65
PROD01624,Home & Kitchen,815.31,18.37,13.23
PROD01625,Toys,200.7,13.31,29.99
PROD01626,Toys,644.58,26.03,69.61
PROD01627,Toys,365.69,33.84,20.41
PROD01628,Books,471.7,33.03,18.02
PROD01629,Home & Kitchen,114.31,35.93,34.29
PROD01630,Toys,685.45,5.89,69.0
PROD01631,Fashion,319.52,6.95,60.98
PROD01632,Toys,244.6,18.54,8.06
PROD01633,Sports,151.43,15.43,8.98
PROD01634,Automotive,911.27,5.21,48.39
PROD01635,Fashion,127.63,15.77,92.61
PROD01636,Beauty,165.89,38.8,20.58
PROD01637,Automotive,742.86,24.13,88.45
PROD01638,Sports,556.22,23.71,19.55
PROD01639,Home & Kitchen,170.4,37.08,32.78
PROD01640,Fashion,375.22,31.59,33.88
PROD01641,Electronics,952.3,30.83,59.74
PROD01642,Beauty,881.49,6.74,25.71
PROD01643,Books,467.71,12.94,74.39
PROD01644,Books,919.61,19.83,34.21
PROD01645,Sports,961.74,20.57,48.9
PROD01646,Home & Kitchen,354.89,36.83,56.9
PROD01647,Toys,763.36,33.41,34.18
PROD01648,Toys,436.53,34.7,36.33
PROD01649,Sports,794.97,37.93,62.32
PROD01650,Home & Kitchen,742.92,33.18,84.5
PROD01651,Automotive,398.08,6.79,40.19
PROD01652,Automotive,675.39,20.76,74.9
PROD01653,Automotive,360.2,27.22,18.64
PROD01654,Beauty,750.62,24.1,20.41
PROD01655,Automotive,295.45,31.2,48.26
PROD01656,Electronics,219.95,38.85,71.51
PROD01657,Fashion,957.35,19.95,47.51
PROD01658,Books,898.47,23.38,70.73
PROD01659,Automotive,255.91,20.64,12.34
PROD01660,Sports,209.95,5.03,3.93
PROD01661,Sports,977.4,13.48,66.33
PROD01662,Toys,839.9,24.27,15.31
PROD01663,Electronics,729.48,26.01,73.13
PROD01664,Electronics,770.9,39.14,57.36
PROD01665,Beauty,344.93,27.7,6.84
PROD01666,Automotive,897.91,9.18,32.78
PROD01667,Automotive,816.67,25.91,39.36
PROD01668,Beauty,476.07,34.91,34.0
PROD01669,Electronics,870.3,8.08,77.68
PROD01670,Fashion,848.31,11.36,43.03
PROD01671,Books,169.67,29.73,53.53
PROD01672,Home & Kitchen,637.15,11.88,21.17
PROD01673,Beauty,46.29,16.27,55.97
PROD01674,Toys,858.65,28.34,43.54
PROD01675,Books,953.35,30.17,93.02
PROD01676,Toys,529.95,14.06,5.28
PROD01677,Electronics,727.45,9.25,30.28
PROD01678,Books,534.81,24.75,60.06
PROD01679,Electronics,170.42,18.29,61.72
PROD01680,Sports,969.97,30.47,92.26
PROD01681,Toys,763.4,25.71,19.2
PROD01682,Beauty,668.35,26.82,60.25
PROD01683,Fashion,492.34,23.5,33.44
PROD01684,Books,521.72,11.91,80.52
PROD01685,Automotive,189.85,7.97,43.62
PROD01686,Beauty,660.02,20.32,27.68
PROD01687,Fashion,560.38,17.15,93.29
PROD01688,Home & Kitchen,923.03,22.58,32.79
PROD01689,Fashion,738.45,6.28,47.48
PROD01690,Books,339.64,37.22,1.2
PROD01691,Toys,555.05,30.92,48.5
PROD01692,Toys,89.98,39.04,51.8
PROD01693,Toys,616.12,13.28,48.35
PROD01694,Home & Kitchen,432.0,7.62,10.62
PROD01695,Sports,838.29,13.39,19.5
PROD01696,Books,507.39,31.91,6.19
PROD01697,Electronics,578.92,9.17,3.65
PROD01698,Electronics,57.48,34.2,11.8
PROD01699,Electronics,49.93,20.33,84.4
PROD01700,Home & Kitchen,266.1,19.76,3.99
PROD01701,Toys,451.83,25.22,57.09
PROD01702,Automotive,335.76,16.04,10.66
PROD01703,Automotive,369.96,8.48,76.66
PROD01704,Home & Kitchen,966.44,38.95,86.51
PROD01705,Home & Kitchen,602.79,29.53,28.52
PROD01706,Toys,632.62,20.95,48.2
PROD01707,Toys,758.99,14.87,31.8
PROD01708,Home & Kitchen,925.02,6.97,48.56
PROD01709,Books,913.24,26.36,54.64
PROD01710,Beauty,253.5,17.01,85.2
PROD01711,Toys,561.42,23.02,9.96
PROD01712,Automotive,20.95,38.73,37.7
PROD01713,Beauty,605.2,7.79,68.31
PROD01714,Automotive,932.9,25.15,12.61
PROD01715,Electronics,583.81,31.82,40.64
PROD01716,Toys,880.44,27.7,89.92
PROD01717,Toys,625.39,9.6,30.97
PROD01718,Fashion,205.79,36.81,76.04
PROD01719,Books,678.02,15.53,18.4
PROD01720,Beauty,757.67,21.6,22.58
PROD01721,Electronics,618.54,6.41,32.62
PROD01722,Automotive,471.21,10.18,98.47
PROD01723,Beauty,213.05,9.56,20.35
PROD01724,Sports,770.22,19.89,56.54
PROD01725,Electronics,25.9,6.21,44.58
PROD01726,Automotive,817.57,35.98,8.67
PROD01727,Home & Kitchen,540.67,36.96,38.8
PROD01728,Books,830.42,9.68,93.54
PROD01729,Home & Kitchen,752.67,37.95,67.66
PROD01730,Sports,366.59,37.84,27.56
PROD01731,Electronics,335.51,29.53,76.53
PROD01732,Fashion,929.76,12.17,79.8
PROD01733,Sports,739.85,7.23,38.72
PROD01734,Electronics,286.35,15.66,98.29
PROD01735,Automotive,644.56,30.12,97.66
PROD01736,Toys,380.32,33.06,43.45
PROD01737,Books,870.19,11.32,94.77
PROD01738,Home & Kitchen,222.68,16.42,75.62
PROD01739,Books,396.79,26.29,44.46
PROD01740,Sports,743.66,12.99,5.85
PROD01741,Books,303.43,21.6,16.8
PROD01742,Automotive,358.02,19.0,5.74
PROD01743,Electronics,585.39,35.95,15.17
PROD01744,Home & Kitchen,599.82,28.27,41.93
PROD01745,Sports,702.59,19.38,50.46
PROD01746,Toys,12.32,29.21,66.13
PROD01747,Automotive,43.21,17.89,97.9
PROD01748,Books,423.63,22.57,90.99
PROD01749,Toys,718.68,25.37,79.78
PROD01750,Home & Kitchen,865.04,20.99,47.51
PROD01751,Automotive,389.12,38.83,69.72
PROD01752,Toys,87.81,35.2,48.06
PROD01753,Toys,73.41,24.24,41.72
PROD01754,Beauty,878.36,12.14,82.65
PROD01755,Automotive,559.9,6.91,97.18
PROD01756,Sports,515.05,15.18,46.94
PROD01757,Sports,858.57,15.67,19.27
PROD01758,Beauty,133.43,15.43,78.0
PROD01759,Beauty,474.27,12.96,16.62
PROD01760,Sports,336.07,37.9,34.3
PROD01761,Beauty,988.18,21.98,17.92
PROD01762,Beauty,891.68,21.11,70.97
PROD01763,Sports,983.79,6.76,9.67
PROD01764,Automotive,721.85,14.86,18.43
PROD01765,Toys,44.17,5.76,77.45
PROD01766,Automotive,138.76,21.37,60.59
PROD01767,Toys,431.21,5.95,78.35
PROD01768,Beauty,15.46,31.67,89.33
PROD01769,Beauty,435.68,23.74,47.7
PROD01770,Fashion,392.26,36.06,89.39
PROD01771,Books,339.14,26.53,92.69
PROD01772,Books,962.25,22.81,45.28
PROD01773,Toys,282.3,38.56,14.28
PROD01774,Home & Kitchen,581.93,14.89,27.9
PROD01775,Beauty,407.94,39.96,5.5
PROD01776,Electronics,580.65,7.89,15.45
PROD01777,Beauty,442.37,22.87,25.88
PROD01778,Fashion,319.87,8.04,30.32
PROD01779,Toys,966.73,38.06,33.49
PROD01780,Automotive,573.0,36.84,0.62
PROD01781,Beauty,811.63,38.19,9.13
PROD01782,Automotive,165.64,38.63,53.75
PROD01783,Sports,19.13,14.02,44.99
PROD01784,Sports,694.44,30.66,99.54
PROD01785,Beauty,291.07,23.84,53.33
PROD01786,Beauty,408.62,10.92,97.75
PROD01787,Home & Kitchen,854.05,22.44,60.32
PROD01788,Fashion,231.12,24.03,69.5
PROD01789,Sports,517.59,39.66,61.13
PROD01790,Sports,374.12,32.03,17.05
PROD01791,Electronics,387.59,17.14,43.18
PROD01792,Sports,782.87,21.95,79.4
PROD01793,Sports,578.61,16.97,81.0
PROD01794,Electronics,242.1,12.85,50.45
PROD01795,Fashion,264.54,5.32,64.83
PROD01796,Books,513.54,20.59,96.7
PROD01797,Toys,573.34,35.22,13.95
PROD01798,Automotive,571.36,35.38,58.31
PROD01799,Fashion,719.42,18.02,9.24
PROD01800,Home & Kitchen,460.61,18.81,86.71
PROD01801,Electronics,247.78,38.84,95.81
PROD01802,Home & Kitchen,251.39,17.18,89.56
PROD01803,Books,966.79,20.52,32.1
PROD01804,Automotive,528.46,29.07,27.35
PROD01805,Automotive,737.79,6.81,4.93
PROD01806,Sports,389.36,17.37,31.56
PROD01807,Beauty,493.56,16.23,19.23
PROD01808,Toys,312.92,39.12,41.11
PROD01809,Beauty,447.49,25.18,98.33
PROD01810,Electronics,245.39,28.84,71.6
PROD01811,Fashion,609.29,8.1,67.69
PROD01812,Sports,68.77,25.86,73.96
PROD01813,Electronics,214.92,34.46,3.04
PROD01814,Home & Kitchen,844.59,21.11,21.76
PROD01815,Books,138.11,38.37,7.27
PROD01816,Home & Kitchen,203.1,17.17,62.02
PROD01817,Electronics,547.08,9.4,28.97
PROD01818,Books,242.56,12.47,41.11
PROD01819,Automotive,705.51,12.61,36.67
PROD01820,Home & Kitchen,393.96,39.18,95.47
PROD01821,Beauty,801.14,13.46,6.8
PROD01822,Electronics,320.32,14.34,50.59
PROD01823,Electronics,778.84,35.04,84.49
PROD01824,Beauty,362.88,29.05,31.28
PROD01825,Fashion,65.6,29.55,0.98
PROD01826,Toys,412.14,16.53,69.34
PROD01827,Beauty,767.41,15.64,81.16
PROD01828,Automotive,297.45,20.62,72.7
PROD01829,Automotive,694.46,39.56,22.52
PROD01830,Home & Kitchen,664.01,26.34,91.51
PROD01831,Automotive,160.58,31.31,56.83
PROD01832,Beauty,278.29,21.61,33.38
PROD01833,Sports,581.42,36.12,56.93
PROD01834,Fashion,633.56,23.16,5.12
PROD01835,Toys,236.69,22.22,31.02
PROD01836,Home & Kitchen,185.85,22.64,32.28
PROD01837,Automotive,261.82,21.24,13.33
PROD01838,Beauty,928.11,35.37,70.76
PROD01839,Home & Kitchen,110.68,32.16,80.8
PROD01840,Electronics,768.93,8.99,64.39
PROD01841,Toys,835.15,25.21,64.64
PROD01842,Beauty,461.07,23.5,3.44
PROD01843,Sports,640.77,7.85,43.5
PROD01844,Home & Kitchen,296.19,24.09,13.34
PROD01845,Books,693.19,32.83,16.34
PROD01846,Books,108.79,10.09,87.71
PROD01847,Toys,530.55,21.35,10.67
PROD01848,Fashion,651.31,35.38,82.82
PROD01849,Books,627.92,7.63,11.24
PROD01850,Fashion,54.06,14.01,13.57
PROD01851,Home & Kitchen,263.75,18.48,94.3
PROD01852,Home & Kitchen,612.32,34.22,71.04
PROD01853,Automotive,116.94,30.76,27.51
PROD01854,Toys,640.91,16.93,99.77
PROD01855,Sports,267.23,14.77,93.07
PROD01856,Electronics,29.52,29.38,72.53
PROD01857,Beauty,837.2,39.11,97.56
PROD01858,Books,69.95,33.76,64.63
PROD01859,Sports,649.11,9.49,65.02
PROD01860,Automotive,982.57,36.91,43.91
PROD01861,Beauty,44.75,17.68,82.64
PROD01862,Toys,702.99,21.08,5.51
PROD01863,Beauty,429.76,21.42,92.86
PROD01864,Electronics,642.88,15.91,52.53
PROD01865,Beauty,70.73,39.04,36.01
PROD01866,Toys,480.48,17.43,68.25
PROD01867,Sports,663.92,30.04,26.81
PROD01868,Electronics,319.09,9.38,65.55
PROD01869,Fashion,44.6,25.92,86.97
PROD01870,Automotive,891.38,20.72,45.93
PROD01871,Beauty,81.58,28.48,82.13
PROD01872,Home & Kitchen,248.43,19.75,83.88
PROD01873,Books,877.73,13.51,55.06
PROD01874,Beauty,196.53,8.57,91.11
PROD01875,Fashion,821.4,31.6,4.88
PROD01876,Beauty,844.51,20.33,34.24
PROD01877,Toys,548.74,8.2,75.66
PROD01878,Sports,584.52,11.53,18.82
PROD01879,Sports,188.33,7.0,58.78
PROD01880,Home & Kitchen,841.15,5.61,4.9
PROD01881,Automotive,574.91,33.68,32.67
PROD01882,Home & Kitchen,352.87,25.87,27.42
PROD01883,Automotive,31.48,30.73,62.56
PROD01884,Toys,582.85,30.96,67.52
PROD01885,Books,209.85,17.34,12.61
PROD01886,Automotive,134.21,28.67,85.86
PROD01887,Sports,962.92,26.99,18.41
PROD01888,Sports,110.12,33.45,57.88
PROD01889,Fashion,620.19,32.35,70.33
PROD01890,Automotive,835.29,6.97,74.75
PROD01891,Toys,851.6,15.01,64.04
PROD01892,Fashion,317.59,38.53,3.34
PROD01893,Fashion,581.89,10.83,71.22
PROD01894,Electronics,180.01,13.24,49.44
PROD01895,Sports,915.26,12.41,14.42
PROD01896,Home & Kitchen,760.18,22.52,91.18
PROD01897,Home & Kitchen,150.88,27.61,23.29
PROD01898,Toys,160.98,28.92,59.37
PROD01899,Automotive,756.05,15.83,44.8
PROD01900,Fashion,408.44,39.44,29.22
PROD01901,Sports,298.34,17.41,56.46
PROD01902,Automotive,256.06,37.04,26.57
PROD01903,Fashion,896.34,8.62,65.66
PROD01904,Automotive,907.45,10.91,96.83
PROD01905,Electronics,455.62,38.1,67.68
PROD01906,Automotive,305.08,11.59,30.37
PROD01907,Home & Kitchen,97.55,10.04,10.47
PROD01908,Books,425.83,32.85,14.14
PROD01909,Automotive,134.67,27.52,19.72
PROD01910,Electronics,102.12,10.84,92.37
PROD01911,Automotive,822.36,17.39,65.58
PROD01912,Beauty,539.59,28.7,68.27
PROD01913,Electronics,630.59,14.31,3.9
PROD01914,Books,458.29,36.18,56.95
PROD01915,Beauty,833.23,39.71,16.36
PROD01916,Electronics,693.32,28.6,98.0
PROD01917,Sports,985.67,29.03,24.36
PROD01918,Fashion,799.56,8.75,78.07
PROD01919,Electronics,910.65,18.4,63.06
PROD01920,Books,432.99,20.32,31.04
PROD01921,Toys,763.32,37.77,94.08
PROD01922,Fashion,178.91,35.62,73.74
PROD01923,Electronics,256.57,7.35,26.8
PROD01924,Fashion,912.65,27.16,72.11
PROD01925,Automotive,260.87,30.18,2.81
PROD01926,Electronics,378.44,26.94,14.61
PROD01927,Beauty,823.89,13.23,65.23
PROD01928,Books,408.17,25.86,10.75
PROD01929,Home & Kitchen,21.83,36.83,26.96
PROD01930,Home & Kitchen,820.58,39.98,21.14
PROD01931,Books,268.84,28.2,96.54
PROD01932,Toys,916.24,22.6,79.51
PROD01933,Books,140.07,39.21,96.44
PROD01934,Automotive,167.91,15.48,10.02
PROD01935,Books,275.36,33.56,37.83
PROD01936,Books,92.95,16.98,98.14
PROD01937,Fashion,631.54,19.57,16.65
PROD01938,Home & Kitchen,986.25,33.73,28.15
PROD01939,Toys,74.72,6.98,12.04
PROD01940,Fashion,582.86,37.51,49.67
PROD01941,Home & Kitchen,843.73,20.61,70.86
PROD01942,Books,733.21,11.09,36.12
PROD01943,Home & Kitchen,639.12,7.47,36.15
PROD01944,Sports,537.13,39.87,47.45
PROD01945,Electronics,816.98,20.12,79.64
PROD01946,Electronics,597.44,36.03,41.09
PROD01947,Beauty,606.28,27.05,41.74
PROD01948,Automotive,148.59,8.27,1.67
PROD01949,Books,874.17,13.28,21.15
PROD01950,Books,737.36,16.2,50.6
PROD01951,Sports,166.7,38.59,85.16
PROD01952,Sports,864.47,19.24,76.24
PROD01953,Automotive,148.16,5.3,2.0
PROD01954,Toys,588.67,20.94,51.8
PROD01955,Home & Kitchen,12.43,19.79,71.81
PROD01956,Beauty,445.48,30.63,23.3
PROD01957,Sports,814.08,25.6,21.08
PROD01958,Fashion,240.54,26.98,82.99
PROD01959,Electronics,418.55,14.04,86.7
PROD01960,Books,670.92,20.68,48.79
PROD01961,Electronics,208.24,26.94,35.87
PROD01962,Sports,995.67,21.81,48.59
PROD01963,Sports,568.02,37.09,80.08
PROD01964,Fashion,453.87,30.15,58.62
PROD01965,Fashion,494.91,11.73,46.39
PROD01966,Electronics,249.59,37.02,33.54
PROD01967,Automotive,952.5,23.66,63.15
PROD01968,Electronics,545.23,9.53,37.58
PROD01969,Sports,103.65,26.8,44.69
PROD01970,Electronics,779.1,12.72,16.46
PROD01971,Books,409.3,37.43,71.04
PROD01972,Automotive,421.83,23.1,8.42
PROD01973,Sports,984.65,28.32,28.54
PROD01974,Sports,587.88,8.83,96.58
PROD01975,Electronics,178.91,27.68,24.55
PROD01976,Home & Kitchen,718.97,32.19,67.34
PROD01977,Beauty,616.43,36.24,7.86
PROD01978,Sports,334.26,13.69,98.8
PROD01979,Toys,392.44,30.64,68.47
PROD01980,Toys,216.02,13.36,28.13
PROD01981,Sports,414.07,13.2,1.97
PROD01982,Beauty,880.0,38.8,34.16
PROD01983,Home & Kitchen,341.81,5.25,68.03
PROD01984,Sports,826.31,10.13,15.97
PROD01985,Books,791.13,26.57,4.49
PROD01986,Beauty,624.43,15.81,36.87
PROD01987,Beauty,770.88,33.38,40.04
PROD01988,Electronics,947.42,19.23,77.18
PROD01989,Home & Kitchen,486.46,36.41,90.78
PROD01990,Books,91.98,37.78,82.55
PROD01991,Automotive,792.35,12.03,80.51
PROD01992,Electronics,850.88,15.12,95.23
PROD01993,Toys,54.61,10.25,53.76
PROD01994,Books,577.91,27.58,1.7
PROD01995,Toys,960.56,6.56,14.31
PROD01996,Books,18.94,24.84,93.23
PROD01997,Books,667.62,33.79,1.33
PROD01998,Home & Kitchen,544.31,21.08,49.9
PROD01999,Beauty,76.85,28.96,50.32
PROD02000,Books,766.32,21.99,14.94
